,exp,data,algo,error_trn,error_tst,corr_trn,corr_tst,r2_trn,r2_tst,tree_size,func_node,leaf_node,train_param,compute_time,problem
0,FNT_australian_20210729_223605,australian,HFNT_SO,0.125,0.1223,,,,,47,,,,,class
1,FNT_australian_20210729_223627,australian,HFNT_SO,0.375,0.35252,,,,,5,,,,,class
2,FNT_australian_20210729_223651,australian,HFNT_SO,0.25543,0.28058,,,,,6,,,,,class
3,FNT_australian_20210729_223714,australian,HFNT_SO,0.24275,0.28777,,,,,6,,,,,class
4,FNT_australian_20210729_223751,australian,HFNT_SO,0.14312,0.13669,,,,,6,,,,,class
5,FNT_australian_20210729_223914,australian,HFNT_SO,0.23188,0.21583,,,,,36,,,,,class
6,FNT_australian_20210729_224054,australian,HFNT_SO,0.10145,0.13669,,,,,35,,,,,class
7,FNT_australian_20210729_224136,australian,HFNT_SO,0.11957,0.13669,,,,,11,,,,,class
8,FNT_australian_20210729_224219,australian,HFNT_SO,0.1087,0.19424,,,,,16,,,,,class
9,FNT_australian_20210729_224626,australian,HFNT_SO,0.125,0.17986,,,,,101,,,,,class
10,FNT_australian_20210729_224810,australian,HFNT_SO,0.11775,0.1295,,,,,38,,,,,class
11,FNT_australian_20210729_225001,australian,HFNT_SO,0.12138,0.17986,,,,,36,,,,,class
12,FNT_australian_20210729_225217,australian,HFNT_SO,0.125,0.10791,,,,,49,,,,,class
13,FNT_australian_20210729_225243,australian,HFNT_SO,0.23551,0.20863,,,,,6,,,,,class
14,FNT_australian_20210729_225441,australian,HFNT_SO,0.11775,0.10072,,,,,45,,,,,class
15,FNT_australian_20210729_225532,australian,HFNT_SO,0.11051,0.14388,,,,,15,,,,,class
16,FNT_australian_20210729_225719,australian,HFNT_SO,0.11413,0.14388,,,,,43,,,,,class
17,FNT_australian_20210729_225755,australian,HFNT_SO,0.12138,0.15108,,,,,12,,,,,class
18,FNT_australian_20210729_230100,australian,HFNT_SO,0.17754,0.21583,,,,,75,,,,,class
19,FNT_australian_20210729_230155,australian,HFNT_SO,0.11413,0.15827,,,,,16,,,,,class
20,FNT_australian_20210729_230248,australian,HFNT_SO,0.11957,0.13669,,,,,8,,,,,class
21,FNT_australian_20210729_230344,australian,HFNT_SO,0.12319,0.14388,,,,,17,,,,,class
22,FNT_australian_20210729_230408,australian,HFNT_SO,0.13406,0.16547,,,,,5,,,,,class
23,FNT_australian_20210729_230433,australian,HFNT_SO,0.11957,0.14388,,,,,4,,,,,class
24,FNT_australian_20210729_230457,australian,HFNT_SO,0.13406,0.13669,,,,,6,,,,,class
25,FNT_australian_20210729_230617,australian,HFNT_SO,0.125,0.10791,,,,,32,,,,,class
26,FNT_australian_20210729_230648,australian,HFNT_SO,0.22464,0.23022,,,,,9,,,,,class
27,FNT_australian_20210729_230757,australian,HFNT_SO,0.33333,0.31655,,,,,26,,,,,class
28,FNT_australian_20210729_230821,australian,HFNT_SO,0.13768,0.17266,,,,,6,,,,,class
29,FNT_australian_20210729_231122,australian,HFNT_SO,0.12138,0.1295,,,,,72,,,,,class
30,FNT_baseball_20210730_011518,baseball,HFNT_SO,0.12138,0.1295,,,0.748491257,0.69110559,28,,,,,reg
31,FNT_baseball_20210730_011541,baseball,HFNT_SO,0.12138,0.1295,,,0.705860489,0.686032961,13,,,,,reg
32,FNT_baseball_20210730_011601,baseball,HFNT_SO,0.12138,0.1295,,,0.612281877,0.527793729,6,,,,,reg
33,FNT_baseball_20210730_011843,baseball,HFNT_SO,0.12138,0.1295,,,0.710352344,0.756792094,141,,,,,reg
34,FNT_baseball_20210730_012047,baseball,HFNT_SO,0.12138,0.1295,,,0.772179253,0.703221467,100,,,,,reg
35,FNT_baseball_20210730_012125,baseball,HFNT_SO,0.12138,0.1295,,,0.680295436,0.624446976,21,,,,,reg
36,FNT_baseball_20210730_012146,baseball,HFNT_SO,0.12138,0.1295,,,0.609419727,0.6576107,12,,,,,reg
37,FNT_baseball_20210730_012223,baseball,HFNT_SO,0.12138,0.1295,,,0.666058073,0.63459786,22,,,,,reg
38,FNT_baseball_20210730_012241,baseball,HFNT_SO,0.12138,0.1295,,,0.598326585,0.581480268,6,,,,,reg
39,FNT_baseball_20210730_012255,baseball,HFNT_SO,0.12138,0.1295,,,0.596075414,0.687926442,8,,,,,reg
40,FNT_baseball_20210730_012447,baseball,HFNT_SO,0.12138,0.1295,,,0.769107204,0.616235976,90,,,,,reg
41,FNT_baseball_20210730_012459,baseball,HFNT_SO,0.12138,0.1295,,,0.647810578,0.372411341,6,,,,,reg
42,FNT_baseball_20210730_014439,baseball,HFNT_SO,0.12138,0.1295,,,0.228027023,0.211530512,979,,,,,reg
43,FNT_baseball_20210730_014528,baseball,HFNT_SO,0.12138,0.1295,,,0.693500041,0.7852813,27,,,,,reg
44,FNT_baseball_20210730_014553,baseball,HFNT_SO,0.12138,0.1295,,,0.622312371,0.650831008,16,,,,,reg
45,FNT_baseball_20210730_014611,baseball,HFNT_SO,0.12138,0.1295,,,0.419280252,0.344670748,2,,,,,reg
46,FNT_baseball_20210730_014748,baseball,HFNT_SO,0.12138,0.1295,,,0.776326508,0.544532273,78,,,,,reg
47,FNT_baseball_20210730_014839,baseball,HFNT_SO,0.12138,0.1295,,,0.592898976,0.572808339,32,,,,,reg
48,FNT_baseball_20210730_014919,baseball,HFNT_SO,0.12138,0.1295,,,0.760241627,0.570235797,32,,,,,reg
49,FNT_baseball_20210730_015107,baseball,HFNT_SO,0.12138,0.1295,,,0.761060326,0.704743427,91,,,,,reg
50,FNT_baseball_20210730_015121,baseball,HFNT_SO,0.12138,0.1295,,,0.591409397,0.567508962,2,,,,,reg
51,FNT_baseball_20210730_015154,baseball,HFNT_SO,0.12138,0.1295,,,0.379372687,0.299962001,16,,,,,reg
52,FNT_baseball_20210730_015228,baseball,HFNT_SO,0.12138,0.1295,,,0.613006771,0.640960547,21,,,,,reg
53,FNT_baseball_20210730_015253,baseball,HFNT_SO,0.12138,0.1295,,,0.598160632,0.616679411,12,,,,,reg
54,FNT_baseball_20210730_015502,baseball,HFNT_SO,0.12138,0.1295,,,0.312638346,0.318087928,126,,,,,reg
55,FNT_baseball_20210730_015517,baseball,HFNT_SO,0.12138,0.1295,,,0.591485225,0.550917374,3,,,,,reg
56,FNT_baseball_20210730_015530,baseball,HFNT_SO,0.12138,0.1295,,,0.595399973,0.544492217,3,,,,,reg
57,FNT_baseball_20210730_015537,baseball,HFNT_SO,0.12138,0.1295,,,0.447053108,0.531280283,3,,,,,reg
58,FNT_baseball_20210730_015710,baseball,HFNT_SO,0.12138,0.1295,,,0.622837452,0.61683385,81,,,,,reg
59,FNT_baseball_20210730_015758,baseball,HFNT_SO,0.12138,0.1295,,,0.776249176,0.670676424,38,,,,,reg
60,FNT_dee_20210730_003547,dee,HFNT_SO,0.12138,0.1295,,,0.872271466,0.788866364,262,,,,,reg
61,FNT_dee_20210730_003716,dee,HFNT_SO,0.12138,0.1295,,,0.839575969,0.853849794,57,,,,,reg
62,FNT_dee_20210730_003739,dee,HFNT_SO,0.12138,0.1295,,,0.79067217,0.696884279,9,,,,,reg
63,FNT_dee_20210730_003850,dee,HFNT_SO,0.12138,0.1295,,,0.701917031,0.631726101,51,,,,,reg
64,FNT_dee_20210730_003946,dee,HFNT_SO,0.12138,0.1295,,,0.831249575,0.809264486,30,,,,,reg
65,FNT_dee_20210730_004033,dee,HFNT_SO,0.12138,0.1295,,,0.845557389,0.776794306,27,,,,,reg
66,FNT_dee_20210730_004230,dee,HFNT_SO,0.12138,0.1295,,,0.845444788,0.858935889,86,,,,,reg
67,FNT_dee_20210730_004258,dee,HFNT_SO,0.12138,0.1295,,,0.835550913,0.830432612,13,,,,,reg
68,FNT_dee_20210730_004443,dee,HFNT_SO,0.12138,0.1295,,,0.850563327,0.799489725,76,,,,,reg
69,FNT_dee_20210730_004518,dee,HFNT_SO,0.12138,0.1295,,,0.845110714,0.830851958,13,,,,,reg
70,FNT_dee_20210730_004549,dee,HFNT_SO,0.12138,0.1295,,,0.813832078,0.793926121,7,,,,,reg
71,FNT_dee_20210730_004628,dee,HFNT_SO,0.12138,0.1295,,,0.832170711,0.855617373,23,,,,,reg
72,FNT_dee_20210730_005002,dee,HFNT_SO,0.12138,0.1295,,,0.855444859,0.800562533,174,,,,,reg
73,FNT_dee_20210730_005113,dee,HFNT_SO,0.12138,0.1295,,,0.87208234,0.789478775,52,,,,,reg
74,FNT_dee_20210730_005315,dee,HFNT_SO,0.12138,0.1295,,,0.855314453,0.825445772,92,,,,,reg
75,FNT_dee_20210730_005844,dee,HFNT_SO,0.12138,0.1295,,,0.8449166,0.83500627,264,,,,,reg
76,FNT_dee_20210730_005920,dee,HFNT_SO,0.12138,0.1295,,,0.837125307,0.835765944,20,,,,,reg
77,FNT_dee_20210730_005950,dee,HFNT_SO,0.12138,0.1295,,,0.800886481,0.787131276,17,,,,,reg
78,FNT_dee_20210730_010150,dee,HFNT_SO,0.12138,0.1295,,,0.861517765,0.776471816,92,,,,,reg
79,FNT_dee_20210730_010254,dee,HFNT_SO,0.12138,0.1295,,,0.852333744,0.796510711,48,,,,,reg
80,FNT_dee_20210730_010441,dee,HFNT_SO,0.12138,0.1295,,,0.857363165,0.838835072,82,,,,,reg
81,FNT_dee_20210730_010516,dee,HFNT_SO,0.12138,0.1295,,,0.815312664,0.654945673,2,,,,,reg
82,FNT_dee_20210730_010544,dee,HFNT_SO,0.12138,0.1295,,,0.549421673,0.545809702,12,,,,,reg
83,FNT_dee_20210730_010604,dee,HFNT_SO,0.12138,0.1295,,,0.829088317,0.774977,7,,,,,reg
84,FNT_dee_20210730_010713,dee,HFNT_SO,0.12138,0.1295,,,0.840015526,0.799269029,47,,,,,reg
85,FNT_dee_20210730_010805,dee,HFNT_SO,0.12138,0.1295,,,0.840619736,0.86769309,35,,,,,reg
86,FNT_dee_20210730_010944,dee,HFNT_SO,0.12138,0.1295,,,0.867229823,0.843729723,82,,,,,reg
87,FNT_dee_20210730_011053,dee,HFNT_SO,0.12138,0.1295,,,0.857440141,0.866871886,45,,,,,reg
88,FNT_dee_20210730_011155,dee,HFNT_SO,0.12138,0.1295,,,0.867706805,0.838750909,44,,,,,reg
89,FNT_dee_20210730_011443,dee,HFNT_SO,0.12138,0.1295,,,0.857717003,0.826146649,131,,,,,reg
90,FNT_diabetes_20210730_054637,diabetes,HFNT_SO,0.12138,0.1295,,,0.766760701,-0.073043764,101,,,,,reg
91,FNT_diabetes_20210730_054738,diabetes,HFNT_SO,0.12138,0.1295,,,0.601490091,0.147297186,181,,,,,reg
92,FNT_diabetes_20210730_054749,diabetes,HFNT_SO,0.12138,0.1295,,,0.776223208,0.274161759,58,,,,,reg
93,FNT_diabetes_20210730_054806,diabetes,HFNT_SO,0.12138,0.1295,,,0.645746329,-0.065161554,64,,,,,reg
94,FNT_diabetes_20210730_054841,diabetes,HFNT_SO,0.12138,0.1295,,,0.611709909,-1.847699607,197,,,,,reg
95,FNT_diabetes_20210730_054900,diabetes,HFNT_SO,0.12138,0.1295,,,0.768873532,-0.366914731,112,,,,,reg
96,FNT_diabetes_20210730_054922,diabetes,HFNT_SO,0.12138,0.1295,,,0.76581356,-2.030911342,143,,,,,reg
97,FNT_diabetes_20210730_054927,diabetes,HFNT_SO,0.12138,0.1295,,,0.240155638,-0.019608299,19,,,,,reg
98,FNT_diabetes_20210730_054938,diabetes,HFNT_SO,0.12138,0.1295,,,0.676143024,-0.336875718,54,,,,,reg
99,FNT_diabetes_20210730_054944,diabetes,HFNT_SO,0.12138,0.1295,,,0.533038244,-0.144101885,10,,,,,reg
100,FNT_diabetes_20210730_055019,diabetes,HFNT_SO,0.12138,0.1295,,,0.629426872,0.660590113,132,,,,,reg
101,FNT_diabetes_20210730_055034,diabetes,HFNT_SO,0.12138,0.1295,,,0.732914776,0.696963583,65,,,,,reg
102,FNT_diabetes_20210730_055042,diabetes,HFNT_SO,0.12138,0.1295,,,0.432783458,-0.102464301,9,,,,,reg
103,FNT_diabetes_20210730_055055,diabetes,HFNT_SO,0.12138,0.1295,,,0.567242382,0.188587211,64,,,,,reg
104,FNT_diabetes_20210730_055654,diabetes,HFNT_SO,0.12138,0.1295,,,0.440541522,0.511328684,2499,,,,,reg
105,FNT_diabetes_20210730_055931,diabetes,HFNT_SO,0.12138,0.1295,,,0.255859705,0.15471679,1034,,,,,reg
106,FNT_diabetes_20210730_055936,diabetes,HFNT_SO,0.12138,0.1295,,,0.462595161,0.305509411,17,,,,,reg
107,FNT_diabetes_20210730_055953,diabetes,HFNT_SO,0.12138,0.1295,,,0.298473738,-1.146713653,95,,,,,reg
108,FNT_diabetes_20210730_060009,diabetes,HFNT_SO,0.12138,0.1295,,,0.249765806,0.070798407,70,,,,,reg
109,FNT_diabetes_20210730_060119,diabetes,HFNT_SO,0.12138,0.1295,,,0.377442526,0.258947869,471,,,,,reg
110,FNT_diabetes_20210730_060318,diabetes,HFNT_SO,0.12138,0.1295,,,0.527211709,-0.000605285,775,,,,,reg
111,FNT_diabetes_20210730_060409,diabetes,HFNT_SO,0.12138,0.1295,,,0.489873197,0.420187992,321,,,,,reg
112,FNT_diabetes_20210730_060418,diabetes,HFNT_SO,0.12138,0.1295,,,0.335584411,-0.023267533,35,,,,,reg
113,FNT_diabetes_20210730_060433,diabetes,HFNT_SO,0.12138,0.1295,,,0.416456398,0.865819516,85,,,,,reg
114,FNT_diabetes_20210730_060452,diabetes,HFNT_SO,0.12138,0.1295,,,0.409748509,-0.178345998,75,,,,,reg
115,FNT_diabetes_20210730_060505,diabetes,HFNT_SO,0.12138,0.1295,,,0.71156166,-0.283470863,60,,,,,reg
116,FNT_diabetes_20210730_061257,diabetes,HFNT_SO,0.12138,0.1295,,,0.420213992,0.549064744,2883,,,,,reg
117,FNT_diabetes_20210730_061549,diabetes,HFNT_SO,0.12138,0.1295,,,0.28087984,-0.303606869,1185,,,,,reg
118,FNT_diabetes_20210730_061610,diabetes,HFNT_SO,0.12138,0.1295,,,0.684012091,-0.044813957,68,,,,,reg
119,FNT_diabetes_20210730_061617,diabetes,HFNT_SO,0.12138,0.1295,,,0.286691796,-0.005822883,18,,,,,reg
120,FNT_friedman_20210730_072417,friedman,HFNT_SO,0.12138,0.1295,,,0.8328264,0.795338088,30,,,,,reg
121,FNT_friedman_20210730_072524,friedman,HFNT_SO,0.12138,0.1295,,,0.73636775,0.701112715,10,,,,,reg
122,FNT_friedman_20210730_073245,friedman,HFNT_SO,0.12138,0.1295,,,0.727219031,0.707762188,108,,,,,reg
123,FNT_friedman_20210730_073351,friedman,HFNT_SO,0.12138,0.1295,,,0.702730973,0.732457709,7,,,,,reg
124,FNT_friedman_20210730_073527,friedman,HFNT_SO,0.12138,0.1295,,,0.793749346,0.818045369,14,,,,,reg
125,FNT_friedman_20210730_075704,friedman,HFNT_SO,0.12138,0.1295,,,0.76044257,0.779496228,343,,,,,reg
126,FNT_friedman_20210730_080140,friedman,HFNT_SO,0.12138,0.1295,,,0.78253238,0.770481755,58,,,,,reg
127,FNT_friedman_20210730_080407,friedman,HFNT_SO,0.12138,0.1295,,,0.843326897,0.870344986,30,,,,,reg
128,FNT_friedman_20210730_080537,friedman,HFNT_SO,0.12138,0.1295,,,0.38007638,0.423003738,2,,,,,reg
129,FNT_friedman_20210730_080644,friedman,HFNT_SO,0.12138,0.1295,,,0.720879728,0.762712428,6,,,,,reg
130,FNT_friedman_20210730_080808,friedman,HFNT_SO,0.12138,0.1295,,,0.577802896,0.575664122,19,,,,,reg
131,FNT_friedman_20210730_080929,friedman,HFNT_SO,0.12138,0.1295,,,0.77319333,0.705163292,16,,,,,reg
132,FNT_friedman_20210730_081342,friedman,HFNT_SO,0.12138,0.1295,,,0.882705895,0.88789106,57,,,,,reg
133,FNT_friedman_20210730_081504,friedman,HFNT_SO,0.12138,0.1295,,,0.735619191,0.709174285,8,,,,,reg
134,FNT_friedman_20210730_081551,friedman,HFNT_SO,0.12138,0.1295,,,0.780724794,0.769600155,7,,,,,reg
135,FNT_friedman_20210730_081922,friedman,HFNT_SO,0.12138,0.1295,,,0.701060235,0.744440189,41,,,,,reg
136,FNT_friedman_20210730_081959,friedman,HFNT_SO,0.12138,0.1295,,,0.663209191,0.629583076,3,,,,,reg
137,FNT_friedman_20210730_082523,friedman,HFNT_SO,0.12138,0.1295,,,0.609146797,0.626677189,77,,,,,reg
138,FNT_friedman_20210730_082628,friedman,HFNT_SO,0.12138,0.1295,,,0.727325702,0.733723038,7,,,,,reg
139,FNT_friedman_20210730_083431,friedman,HFNT_SO,0.12138,0.1295,,,0.81359131,0.81665861,111,,,,,reg
140,FNT_friedman_20210730_084044,friedman,HFNT_SO,0.12138,0.1295,,,0.852448742,0.826008011,92,,,,,reg
141,FNT_friedman_20210730_085102,friedman,HFNT_SO,0.12138,0.1295,,,0.445470528,0.443828639,173,,,,,reg
142,FNT_friedman_20210730_085243,friedman,HFNT_SO,0.12138,0.1295,,,0.831006424,0.846829058,15,,,,,reg
143,FNT_friedman_20210730_085554,friedman,HFNT_SO,0.12138,0.1295,,,0.793147228,0.80110967,45,,,,,reg
144,FNT_friedman_20210730_090426,friedman,HFNT_SO,0.12138,0.1295,,,0.718016003,0.672843879,104,,,,,reg
145,FNT_friedman_20210730_090557,friedman,HFNT_SO,0.12138,0.1295,,,0.693601041,0.708070588,9,,,,,reg
146,FNT_friedman_20210730_090820,friedman,HFNT_SO,0.12138,0.1295,,,0.854888154,0.813880375,28,,,,,reg
147,FNT_friedman_20210730_090919,friedman,HFNT_SO,0.12138,0.1295,,,0.74828137,0.79385809,9,,,,,reg
148,FNT_friedman_20210730_091034,friedman,HFNT_SO,0.12138,0.1295,,,0.662268892,0.643460541,5,,,,,reg
149,FNT_friedman_20210730_091208,friedman,HFNT_SO,0.12138,0.1295,,,0.765125772,0.739496253,18,,,,,reg
150,FNT_glass_20210729_231408,glass,HFNT_SO,0.34503,0.48837,,,,,189,,,,,class
151,FNT_glass_20210729_231701,glass,HFNT_SO,0.46784,0.55814,,,,,207,,,,,class
152,FNT_glass_20210729_231910,glass,HFNT_SO,0.30994,0.4186,,,,,185,,,,,class
153,FNT_glass_20210729_232400,glass,HFNT_SO,0.45029,0.55814,,,,,351,,,,,class
154,FNT_glass_20210729_232732,glass,HFNT_SO,0.53801,0.51163,,,,,246,,,,,class
155,FNT_glass_20210729_232929,glass,HFNT_SO,0.49123,0.60465,,,,,123,,,,,class
156,FNT_glass_20210729_233116,glass,HFNT_SO,0.63158,0.69767,,,,,140,,,,,class
157,FNT_glass_20210729_233519,glass,HFNT_SO,0.56725,0.37209,,,,,300,,,,,class
158,FNT_glass_20210729_233844,glass,HFNT_SO,0.52632,0.62791,,,,,271,,,,,class
159,FNT_glass_20210729_234130,glass,HFNT_SO,0.26901,0.44186,,,,,173,,,,,class
160,FNT_glass_20210729_234331,glass,HFNT_SO,0.40351,0.46512,,,,,132,,,,,class
161,FNT_glass_20210729_234630,glass,HFNT_SO,0.49708,0.51163,,,,,194,,,,,class
162,FNT_glass_20210729_235003,glass,HFNT_SO,0.27485,0.51163,,,,,252,,,,,class
163,FNT_glass_20210729_235259,glass,HFNT_SO,0.38012,0.37209,,,,,167,,,,,class
164,FNT_glass_20210729_235459,glass,HFNT_SO,0.49708,0.5814,,,,,123,,,,,class
165,FNT_glass_20210729_235605,glass,HFNT_SO,0.48538,0.51163,,,,,46,,,,,class
166,FNT_glass_20210729_235853,glass,HFNT_SO,0.34503,0.48837,,,,,201,,,,,class
167,FNT_glass_20210730_000119,glass,HFNT_SO,0.46784,0.32558,,,,,157,,,,,class
168,FNT_glass_20210730_000258,glass,HFNT_SO,0.36842,0.44186,,,,,104,,,,,class
169,FNT_glass_20210730_000503,glass,HFNT_SO,0.4386,0.46512,,,,,116,,,,,class
170,FNT_glass_20210730_000808,glass,HFNT_SO,0.4152,0.48837,,,,,221,,,,,class
171,FNT_glass_20210730_001053,glass,HFNT_SO,0.4152,0.37209,,,,,196,,,,,class
172,FNT_glass_20210730_001356,glass,HFNT_SO,0.21053,0.27907,,,,,176,,,,,class
173,FNT_glass_20210730_001627,glass,HFNT_SO,0.39766,0.39535,,,,,156,,,,,class
174,FNT_glass_20210730_001738,glass,HFNT_SO,0.36257,0.39535,,,,,51,,,,,class
175,FNT_glass_20210730_002026,glass,HFNT_SO,0.2924,0.4186,,,,,203,,,,,class
176,FNT_glass_20210730_002249,glass,HFNT_SO,0.34503,0.48837,,,,,163,,,,,class
177,FNT_glass_20210730_002440,glass,HFNT_SO,0.38012,0.30233,,,,,93,,,,,class
178,FNT_glass_20210730_002739,glass,HFNT_SO,0.37427,0.27907,,,,,229,,,,,class
179,FNT_glass_20210730_003036,glass,HFNT_SO,0.4269,0.30233,,,,,206,,,,,class
180,FNT_heart_20210729_151943,heart,HFNT_SO,0.09722,0.12963,,,,,38,,,,,class
181,FNT_heart_20210729_151954,heart,HFNT_SO,0.27778,0.35185,,,,,6,,,,,class
182,FNT_heart_20210729_152135,heart,HFNT_SO,0.17593,0.2963,,,,,104,,,,,class
183,FNT_heart_20210729_152149,heart,HFNT_SO,0.16204,0.18519,,,,,11,,,,,class
184,FNT_heart_20210729_152204,heart,HFNT_SO,0.12963,0.14815,,,,,13,,,,,class
185,FNT_heart_20210729_152238,heart,HFNT_SO,0.11111,0.2037,,,,,30,,,,,class
186,FNT_heart_20210729_152254,heart,HFNT_SO,0.11111,0.24074,,,,,8,,,,,class
187,FNT_heart_20210729_152359,heart,HFNT_SO,0.12037,0.12963,,,,,61,,,,,class
188,FNT_heart_20210729_152420,heart,HFNT_SO,0.125,0.14815,,,,,14,,,,,class
189,FNT_heart_20210729_152614,heart,HFNT_SO,0.10648,0.14815,,,,,108,,,,,class
190,FNT_heart_20210729_152738,heart,HFNT_SO,0.10648,0.24074,,,,,76,,,,,class
191,FNT_heart_20210729_152757,heart,HFNT_SO,0.12037,0.14815,,,,,11,,,,,class
192,FNT_heart_20210729_152855,heart,HFNT_SO,0.12963,0.12963,,,,,63,,,,,class
193,FNT_heart_20210729_152913,heart,HFNT_SO,0.125,0.16667,,,,,12,,,,,class
194,FNT_heart_20210729_152926,heart,HFNT_SO,0.14352,0.2037,,,,,10,,,,,class
195,FNT_heart_20210729_153002,heart,HFNT_SO,0.12963,0.11111,,,,,37,,,,,class
196,FNT_heart_20210729_153030,heart,HFNT_SO,0.11574,0.22222,,,,,18,,,,,class
197,FNT_heart_20210729_153100,heart,HFNT_SO,0.11111,0.16667,,,,,19,,,,,class
198,FNT_heart_20210729_153226,heart,HFNT_SO,0.12037,0.09259,,,,,78,,,,,class
199,FNT_heart_20210729_153243,heart,HFNT_SO,0.12963,0.18519,,,,,14,,,,,class
200,FNT_heart_20210729_153302,heart,HFNT_SO,0.12963,0.11111,,,,,13,,,,,class
201,FNT_heart_20210729_153411,heart,HFNT_SO,0.12037,0.14815,,,,,73,,,,,class
202,FNT_heart_20210729_153422,heart,HFNT_SO,0.18519,0.2963,,,,,7,,,,,class
203,FNT_heart_20210729_153441,heart,HFNT_SO,0.10648,0.22222,,,,,10,,,,,class
204,FNT_heart_20210729_153455,heart,HFNT_SO,0.14815,0.14815,,,,,6,,,,,class
205,FNT_heart_20210729_153521,heart,HFNT_SO,0.12963,0.09259,,,,,17,,,,,class
206,FNT_heart_20210729_153634,heart,HFNT_SO,0.11574,0.2037,,,,,77,,,,,class
207,FNT_heart_20210729_153721,heart,HFNT_SO,0.10185,0.14815,,,,,46,,,,,class
208,FNT_heart_20210729_153804,heart,HFNT_SO,0.12037,0.16667,,,,,37,,,,,class
209,FNT_heart_20210729_153813,heart,HFNT_SO,0.14815,0.05556,,,,,6,,,,,class
210,FNT_ionosphere_20210729_164303,ionosphere,HFNT_SO,0.10357,0.15493,,,,,16,,,,,class
211,FNT_ionosphere_20210729_164638,ionosphere,HFNT_SO,0.08214,0.07042,,,,,144,,,,,class
212,FNT_ionosphere_20210729_164703,ionosphere,HFNT_SO,0.14643,0.16901,,,,,15,,,,,class
213,FNT_ionosphere_20210729_164736,ionosphere,HFNT_SO,0.17857,0.09859,,,,,19,,,,,class
214,FNT_ionosphere_20210729_164826,ionosphere,HFNT_SO,0.15357,0.19718,,,,,24,,,,,class
215,FNT_ionosphere_20210729_164948,ionosphere,HFNT_SO,0.14286,0.12676,,,,,58,,,,,class
216,FNT_ionosphere_20210729_165013,ionosphere,HFNT_SO,0.1,0.12676,,,,,12,,,,,class
217,FNT_ionosphere_20210729_165028,ionosphere,HFNT_SO,0.10357,0.14085,,,,,5,,,,,class
218,FNT_ionosphere_20210729_165108,ionosphere,HFNT_SO,0.11429,0.09859,,,,,25,,,,,class
219,FNT_ionosphere_20210729_165210,ionosphere,HFNT_SO,0.09286,0.14085,,,,,40,,,,,class
220,FNT_ionosphere_20210729_165228,ionosphere,HFNT_SO,0.09643,0.11268,,,,,6,,,,,class
221,FNT_ionosphere_20210729_165300,ionosphere,HFNT_SO,0.10714,0.12676,,,,,23,,,,,class
222,FNT_ionosphere_20210729_165402,ionosphere,HFNT_SO,0.11429,0.11268,,,,,43,,,,,class
223,FNT_ionosphere_20210729_165510,ionosphere,HFNT_SO,0.11429,0.09859,,,,,48,,,,,class
224,FNT_ionosphere_20210729_165539,ionosphere,HFNT_SO,0.15,0.21127,,,,,19,,,,,class
225,FNT_ionosphere_20210729_165646,ionosphere,HFNT_SO,0.11071,0.11268,,,,,56,,,,,class
226,FNT_ionosphere_20210729_165746,ionosphere,HFNT_SO,0.11786,0.08451,,,,,39,,,,,class
227,FNT_ionosphere_20210729_165804,ionosphere,HFNT_SO,0.10714,0.14085,,,,,8,,,,,class
228,FNT_ionosphere_20210729_165941,ionosphere,HFNT_SO,0.11786,0.08451,,,,,83,,,,,class
229,FNT_ionosphere_20210729_170032,ionosphere,HFNT_SO,0.07857,0.08451,,,,,37,,,,,class
230,FNT_ionosphere_20210729_170057,ionosphere,HFNT_SO,0.09643,0.1831,,,,,12,,,,,class
231,FNT_ionosphere_20210729_170302,ionosphere,HFNT_SO,0.11429,0.08451,,,,,84,,,,,class
232,FNT_ionosphere_20210729_170634,ionosphere,HFNT_SO,0.16429,0.15493,,,,,167,,,,,class
233,FNT_ionosphere_20210729_170917,ionosphere,HFNT_SO,0.08571,0.12676,,,,,114,,,,,class
234,FNT_ionosphere_20210729_171010,ionosphere,HFNT_SO,0.11429,0.09859,,,,,37,,,,,class
235,FNT_ionosphere_20210729_171029,ionosphere,HFNT_SO,0.11071,0.12676,,,,,7,,,,,class
236,FNT_ionosphere_20210729_171512,ionosphere,HFNT_SO,0.11071,0.15493,,,,,252,,,,,class
237,FNT_ionosphere_20210729_171659,ionosphere,HFNT_SO,0.10357,0.15493,,,,,78,,,,,class
238,FNT_ionosphere_20210729_171828,ionosphere,HFNT_SO,0.05357,0.14085,,,,,75,,,,,class
239,FNT_ionosphere_20210729_171907,ionosphere,HFNT_SO,0.1,0.15493,,,,,20,,,,,class
240,FNT_iris_20210729_153957,iris,HFNT_SO,0.01667,0.1,,,,,201,,,,,class
241,FNT_iris_20210729_154131,iris,HFNT_SO,0.01667,0.06667,,,,,139,,,,,class
242,FNT_iris_20210729_154237,iris,HFNT_SO,0.03333,0,,,,,84,,,,,class
243,FNT_iris_20210729_154355,iris,HFNT_SO,0.03333,0.03333,,,,,111,,,,,class
244,FNT_iris_20210729_154627,iris,HFNT_SO,0.025,0,,,,,279,,,,,class
245,FNT_iris_20210729_154922,iris,HFNT_SO,0.33333,0.33333,,,,,291,,,,,class
246,FNT_iris_20210729_155115,iris,HFNT_SO,0.04167,0.16667,,,,,183,,,,,class
247,FNT_iris_20210729_155441,iris,HFNT_SO,0.025,0,,,,,342,,,,,class
248,FNT_iris_20210729_155539,iris,HFNT_SO,0.00833,0.06667,,,,,87,,,,,class
249,FNT_iris_20210729_155712,iris,HFNT_SO,0.125,0.2,,,,,141,,,,,class
250,FNT_iris_20210729_155755,iris,HFNT_SO,0.05,0.06667,,,,,56,,,,,class
251,FNT_iris_20210729_155849,iris,HFNT_SO,0.03333,0.03333,,,,,59,,,,,class
252,FNT_iris_20210729_160418,iris,HFNT_SO,0.025,0.03333,,,,,762,,,,,class
253,FNT_iris_20210729_160526,iris,HFNT_SO,0.01667,0.03333,,,,,106,,,,,class
254,FNT_iris_20210729_160736,iris,HFNT_SO,0.025,0,,,,,213,,,,,class
255,FNT_iris_20210729_160945,iris,HFNT_SO,0.01667,0.06667,,,,,217,,,,,class
256,FNT_iris_20210729_161112,iris,HFNT_SO,0.01667,0,,,,,131,,,,,class
257,FNT_iris_20210729_161233,iris,HFNT_SO,0.025,0.06667,,,,,103,,,,,class
258,FNT_iris_20210729_161444,iris,HFNT_SO,0.3,0.46667,,,,,237,,,,,class
259,FNT_iris_20210729_161631,iris,HFNT_SO,0.04167,0.03333,,,,,177,,,,,class
260,FNT_iris_20210729_162138,iris,HFNT_SO,0.225,0.23333,,,,,605,,,,,class
261,FNT_iris_20210729_162442,iris,HFNT_SO,0.025,0,,,,,321,,,,,class
262,FNT_iris_20210729_162617,iris,HFNT_SO,0.00833,0.06667,,,,,149,,,,,class
263,FNT_iris_20210729_162926,iris,HFNT_SO,0.18333,0.3,,,,,341,,,,,class
264,FNT_iris_20210729_163214,iris,HFNT_SO,0.00833,0,,,,,231,,,,,class
265,FNT_iris_20210729_163424,iris,HFNT_SO,0.00833,0.1,,,,,207,,,,,class
266,FNT_iris_20210729_163640,iris,HFNT_SO,0.00833,0.03333,,,,,227,,,,,class
267,FNT_iris_20210729_163731,iris,HFNT_SO,0.05,0,,,,,60,,,,,class
268,FNT_iris_20210729_163924,iris,HFNT_SO,0.00833,0.06667,,,,,178,,,,,class
269,FNT_iris_20210729_164230,iris,HFNT_SO,0.03333,0.06667,,,,,424,,,,,class
270,FNT_mpg6_20210730_061844,mpg6,HFNT_SO,0.03333,0.06667,,,0.88530449,0.901383845,107,,,,,reg
271,FNT_mpg6_20210730_061949,mpg6,HFNT_SO,0.03333,0.06667,,,0.883807316,0.869422803,37,,,,,reg
272,FNT_mpg6_20210730_062242,mpg6,HFNT_SO,0.03333,0.06667,,,0.91037408,0.819776284,127,,,,,reg
273,FNT_mpg6_20210730_062428,mpg6,HFNT_SO,0.03333,0.06667,,,0.629144696,0.640897818,73,,,,,reg
274,FNT_mpg6_20210730_062804,mpg6,HFNT_SO,0.03333,0.06667,,,0.898920622,0.912902683,170,,,,,reg
275,FNT_mpg6_20210730_062837,mpg6,HFNT_SO,0.03333,0.06667,,,0.867590152,0.805893135,17,,,,,reg
276,FNT_mpg6_20210730_062949,mpg6,HFNT_SO,0.03333,0.06667,,,0.890601699,0.836402841,47,,,,,reg
277,FNT_mpg6_20210730_063021,mpg6,HFNT_SO,0.03333,0.06667,,,0.165819156,0.238326198,4,,,,,reg
278,FNT_mpg6_20210730_063349,mpg6,HFNT_SO,0.03333,0.06667,,,0.89865626,0.862187198,151,,,,,reg
279,FNT_mpg6_20210730_063939,mpg6,HFNT_SO,0.03333,0.06667,,,0.892640923,0.884821324,258,,,,,reg
280,FNT_mpg6_20210730_064129,mpg6,HFNT_SO,0.03333,0.06667,,,0.883179728,0.788519795,71,,,,,reg
281,FNT_mpg6_20210730_064423,mpg6,HFNT_SO,0.03333,0.06667,,,0.89832197,0.848987749,128,,,,,reg
282,FNT_mpg6_20210730_064719,mpg6,HFNT_SO,0.03333,0.06667,,,0.501715687,0.568458995,123,,,,,reg
283,FNT_mpg6_20210730_065039,mpg6,HFNT_SO,0.03333,0.06667,,,0.867673771,0.8893182,126,,,,,reg
284,FNT_mpg6_20210730_065417,mpg6,HFNT_SO,0.03333,0.06667,,,0.855529939,0.889522008,161,,,,,reg
285,FNT_mpg6_20210730_065549,mpg6,HFNT_SO,0.03333,0.06667,,,0.349141869,0.303027277,66,,,,,reg
286,FNT_mpg6_20210730_070026,mpg6,HFNT_SO,0.03333,0.06667,,,0.865455606,0.818319186,212,,,,,reg
287,FNT_mpg6_20210730_070126,mpg6,HFNT_SO,0.03333,0.06667,,,0.85017144,0.796360694,31,,,,,reg
288,FNT_mpg6_20210730_070231,mpg6,HFNT_SO,0.03333,0.06667,,,0.894295476,0.868712481,36,,,,,reg
289,FNT_mpg6_20210730_070429,mpg6,HFNT_SO,0.03333,0.06667,,,0.896535554,0.865018954,69,,,,,reg
290,FNT_mpg6_20210730_070533,mpg6,HFNT_SO,0.03333,0.06667,,,0.89405192,0.83189024,40,,,,,reg
291,FNT_mpg6_20210730_070942,mpg6,HFNT_SO,0.03333,0.06667,,,0.884813033,0.900149671,201,,,,,reg
292,FNT_mpg6_20210730_071047,mpg6,HFNT_SO,0.03333,0.06667,,,0.719127606,0.700882925,4,,,,,reg
293,FNT_mpg6_20210730_071124,mpg6,HFNT_SO,0.03333,0.06667,,,0.877923276,0.887347043,20,,,,,reg
294,FNT_mpg6_20210730_071257,mpg6,HFNT_SO,0.03333,0.06667,,,0.567977644,0.517646249,58,,,,,reg
295,FNT_mpg6_20210730_071339,mpg6,HFNT_SO,0.03333,0.06667,,,0.898500457,0.871925706,28,,,,,reg
296,FNT_mpg6_20210730_071648,mpg6,HFNT_SO,0.03333,0.06667,,,0.899106404,0.86976776,134,,,,,reg
297,FNT_mpg6_20210730_071737,mpg6,HFNT_SO,0.03333,0.06667,,,0.56990369,0.494013626,26,,,,,reg
298,FNT_mpg6_20210730_071929,mpg6,HFNT_SO,0.03333,0.06667,,,0.885866433,0.899242438,66,,,,,reg
299,FNT_mpg6_20210730_072153,mpg6,HFNT_SO,0.03333,0.06667,,,0.894980146,0.862996778,101,,,,,reg
300,FNT_pima_20210729_172231,pima,HFNT_SO,0.19707,0.25974,,,,,68,,,,,class
301,FNT_pima_20210729_172506,pima,HFNT_SO,0.21661,0.21429,,,,,56,,,,,class
302,FNT_pima_20210729_172854,pima,HFNT_SO,0.19707,0.2013,,,,,76,,,,,class
303,FNT_pima_20210729_173117,pima,HFNT_SO,0.2329,0.27273,,,,,53,,,,,class
304,FNT_pima_20210729_173306,pima,HFNT_SO,0.20521,0.22727,,,,,30,,,,,class
305,FNT_pima_20210729_173332,pima,HFNT_SO,0.21824,0.24026,,,,,6,,,,,class
306,FNT_pima_20210729_173457,pima,HFNT_SO,0.20358,0.20779,,,,,18,,,,,class
307,FNT_pima_20210729_173551,pima,HFNT_SO,0.2443,0.25325,,,,,17,,,,,class
308,FNT_pima_20210729_174017,pima,HFNT_SO,0.18893,0.25325,,,,,81,,,,,class
309,FNT_pima_20210729_174133,pima,HFNT_SO,0.20033,0.22727,,,,,20,,,,,class
310,FNT_pima_20210729_174814,pima,HFNT_SO,0.21336,0.24675,,,,,159,,,,,class
311,FNT_pima_20210729_174940,pima,HFNT_SO,0.19055,0.24026,,,,,25,,,,,class
312,FNT_pima_20210729_175313,pima,HFNT_SO,0.20847,0.20779,,,,,77,,,,,class
313,FNT_pima_20210729_175543,pima,HFNT_SO,0.20358,0.22727,,,,,46,,,,,class
314,FNT_pima_20210729_175902,pima,HFNT_SO,0.20521,0.19481,,,,,60,,,,,class
315,FNT_pima_20210729_180601,pima,HFNT_SO,0.2101,0.21429,,,,,165,,,,,class
316,FNT_pima_20210729_180851,pima,HFNT_SO,0.20521,0.22078,,,,,52,,,,,class
317,FNT_pima_20210729_180920,pima,HFNT_SO,0.34528,0.36364,,,,,6,,,,,class
318,FNT_pima_20210729_181109,pima,HFNT_SO,0.21173,0.18831,,,,,23,,,,,class
319,FNT_pima_20210729_181335,pima,HFNT_SO,0.1987,0.25974,,,,,57,,,,,class
320,FNT_pima_20210729_181426,pima,HFNT_SO,0.35993,0.30519,,,,,27,,,,,class
321,FNT_pima_20210729_181946,pima,HFNT_SO,0.18241,0.25974,,,,,126,,,,,class
322,FNT_pima_20210729_182053,pima,HFNT_SO,0.19055,0.25325,,,,,14,,,,,class
323,FNT_pima_20210729_182133,pima,HFNT_SO,0.30945,0.36364,,,,,9,,,,,class
324,FNT_pima_20210729_182226,pima,HFNT_SO,0.21498,0.19481,,,,,17,,,,,class
325,FNT_pima_20210729_182754,pima,HFNT_SO,0.18241,0.30519,,,,,126,,,,,class
326,FNT_pima_20210729_183014,pima,HFNT_SO,0.2101,0.18831,,,,,44,,,,,class
327,FNT_pima_20210729_183041,pima,HFNT_SO,0.2215,0.22727,,,,,5,,,,,class
328,FNT_pima_20210729_183240,pima,HFNT_SO,0.19707,0.22078,,,,,37,,,,,class
329,FNT_pima_20210729_183306,pima,HFNT_SO,0.2785,0.34416,,,,,4,,,,,class
330,FNT_vehicle_20210729_184546,vehicle,HFNT_SO,0.66124,0.67647,,,,,225,,,,,class
331,FNT_vehicle_20210729_184801,vehicle,HFNT_SO,0.46302,0.45294,,,,,22,,,,,class
332,FNT_vehicle_20210729_185231,vehicle,HFNT_SO,0.32249,0.29412,,,,,60,,,,,class
333,FNT_vehicle_20210729_185552,vehicle,HFNT_SO,0.59024,0.58235,,,,,46,,,,,class
334,FNT_vehicle_20210729_190558,vehicle,HFNT_SO,0.52367,0.61765,,,,,191,,,,,class
335,FNT_vehicle_20210729_191344,vehicle,HFNT_SO,0.40089,0.40588,,,,,145,,,,,class
336,FNT_vehicle_20210729_191915,vehicle,HFNT_SO,0.49852,0.40588,,,,,84,,,,,class
337,FNT_vehicle_20210729_192132,vehicle,HFNT_SO,0.55473,0.55882,,,,,22,,,,,class
338,FNT_vehicle_20210729_192408,vehicle,HFNT_SO,0.52367,0.54706,,,,,39,,,,,class
339,FNT_vehicle_20210729_193238,vehicle,HFNT_SO,0.55325,0.56471,,,,,151,,,,,class
340,FNT_vehicle_20210729_193627,vehicle,HFNT_SO,0.58136,0.63529,,,,,50,,,,,class
341,FNT_vehicle_20210729_194212,vehicle,HFNT_SO,0.58136,0.61176,,,,,98,,,,,class
342,FNT_vehicle_20210729_194713,vehicle,HFNT_SO,0.53994,0.56471,,,,,78,,,,,class
343,FNT_vehicle_20210729_195029,vehicle,HFNT_SO,0.4926,0.54118,,,,,48,,,,,class
344,FNT_vehicle_20210729_195648,vehicle,HFNT_SO,0.39497,0.35294,,,,,105,,,,,class
345,FNT_vehicle_20210729_200322,vehicle,HFNT_SO,0.4571,0.50588,,,,,112,,,,,class
346,FNT_vehicle_20210729_201501,vehicle,HFNT_SO,0.63018,0.66471,,,,,201,,,,,class
347,FNT_vehicle_20210729_201934,vehicle,HFNT_SO,0.47189,0.44706,,,,,77,,,,,class
348,FNT_vehicle_20210729_202546,vehicle,HFNT_SO,0.49112,0.58824,,,,,89,,,,,class
349,FNT_vehicle_20210729_203502,vehicle,HFNT_SO,0.51923,0.51765,,,,,169,,,,,class
350,FNT_vehicle_20210729_203957,vehicle,HFNT_SO,0.76036,0.72353,,,,,78,,,,,class
351,FNT_vehicle_20210729_204813,vehicle,HFNT_SO,0.38166,0.42941,,,,,133,,,,,class
352,FNT_vehicle_20210729_205225,vehicle,HFNT_SO,0.44675,0.37059,,,,,55,,,,,class
353,FNT_vehicle_20210729_205927,vehicle,HFNT_SO,0.55917,0.58824,,,,,110,,,,,class
354,FNT_vehicle_20210729_210332,vehicle,HFNT_SO,0.64497,0.73529,,,,,59,,,,,class
355,FNT_vehicle_20210729_211358,vehicle,HFNT_SO,0.38018,0.37059,,,,,194,,,,,class
356,FNT_vehicle_20210729_212203,vehicle,HFNT_SO,0.38905,0.42941,,,,,140,,,,,class
357,FNT_vehicle_20210729_212553,vehicle,HFNT_SO,0.49112,0.50588,,,,,58,,,,,class
358,FNT_vehicle_20210729_213012,vehicle,HFNT_SO,0.5503,0.51176,,,,,67,,,,,class
359,FNT_vehicle_20210729_213422,vehicle,HFNT_SO,0.4142,0.38235,,,,,67,,,,,class
360,FNT_wdbc_20210729_213625,wdbc,HFNT_SO,0.01758,0.00877,,,,,46,,,,,class
361,FNT_wdbc_20210729_213802,wdbc,HFNT_SO,0.01319,0.00877,,,,,40,,,,,class
362,FNT_wdbc_20210729_213840,wdbc,HFNT_SO,0.02198,0.01754,,,,,12,,,,,class
363,FNT_wdbc_20210729_214020,wdbc,HFNT_SO,0.03077,0.05263,,,,,45,,,,,class
364,FNT_wdbc_20210729_214048,wdbc,HFNT_SO,0.04615,0.05263,,,,,2,,,,,class
365,FNT_wdbc_20210729_214126,wdbc,HFNT_SO,0.01538,0.03509,,,,,8,,,,,class
366,FNT_wdbc_20210729_214203,wdbc,HFNT_SO,0.02637,0.01754,,,,,7,,,,,class
367,FNT_wdbc_20210729_214232,wdbc,HFNT_SO,0.01978,0,,,,,7,,,,,class
368,FNT_wdbc_20210729_214555,wdbc,HFNT_SO,0.02418,0.03509,,,,,99,,,,,class
369,FNT_wdbc_20210729_214852,wdbc,HFNT_SO,0.01758,0.03509,,,,,86,,,,,class
370,FNT_wdbc_20210729_215203,wdbc,HFNT_SO,0.01538,0.02632,,,,,96,,,,,class
371,FNT_wdbc_20210729_215312,wdbc,HFNT_SO,0.01099,0.01754,,,,,17,,,,,class
372,FNT_wdbc_20210729_215514,wdbc,HFNT_SO,0.01538,0.00877,,,,,58,,,,,class
373,FNT_wdbc_20210729_215607,wdbc,HFNT_SO,0.02418,0.03509,,,,,14,,,,,class
374,FNT_wdbc_20210729_215651,wdbc,HFNT_SO,0.02637,0.03509,,,,,11,,,,,class
375,FNT_wdbc_20210730_091714,wdbc,HFNT_SO,0.01538,0.00877,,,,,33,,,,,class
376,FNT_wdbc_20210730_091816,wdbc,HFNT_SO,0.01758,0.05263,,,,,23,,,,,class
377,FNT_wdbc_20210730_091954,wdbc,HFNT_SO,0.01978,0.02632,,,,,50,,,,,class
378,FNT_wdbc_20210730_092047,wdbc,HFNT_SO,0.01758,0.05263,,,,,18,,,,,class
379,FNT_wdbc_20210730_092413,wdbc,HFNT_SO,0.01978,0.00877,,,,,106,,,,,class
380,FNT_wdbc_20210730_092538,wdbc,HFNT_SO,0.01319,0.03509,,,,,32,,,,,class
381,FNT_wdbc_20210730_092712,wdbc,HFNT_SO,0.02418,0,,,,,33,,,,,class
382,FNT_wdbc_20210730_093048,wdbc,HFNT_SO,0.02857,0.03509,,,,,103,,,,,class
383,FNT_wdbc_20210730_093145,wdbc,HFNT_SO,0.02418,0.01754,,,,,19,,,,,class
384,FNT_wdbc_20210730_093239,wdbc,HFNT_SO,0.01758,0.03509,,,,,20,,,,,class
385,FNT_wdbc_20210730_093329,wdbc,HFNT_SO,0.01758,0.02632,,,,,19,,,,,class
386,FNT_wdbc_20210730_093404,wdbc,HFNT_SO,0.01538,0.01754,,,,,9,,,,,class
387,FNT_wdbc_20210730_093434,wdbc,HFNT_SO,0.01538,0.03509,,,,,4,,,,,class
388,FNT_wdbc_20210730_093511,wdbc,HFNT_SO,0.01758,0.02632,,,,,9,,,,,class
389,FNT_wdbc_20210730_093540,wdbc,HFNT_SO,0.02418,0.05263,,,,,6,,,,,class
390,FNT_wine_20210729_215948,wine,HFNT_SO,0.0177,0.10345,,,,,237,,,,,class
391,FNT_wine_20210729_220032,wine,HFNT_SO,0.0354,0,,,,,70,,,,,class
392,FNT_wine_20210729_220128,wine,HFNT_SO,0.0531,0.06897,,,,,86,,,,,class
393,FNT_wine_20210729_220202,wine,HFNT_SO,0.0708,0.17241,,,,,38,,,,,class
394,FNT_wine_20210729_220330,wine,HFNT_SO,0.0354,0.03448,,,,,155,,,,,class
395,FNT_wine_20210729_220410,wine,HFNT_SO,0.0531,0.10345,,,,,56,,,,,class
396,FNT_wine_20210729_220445,wine,HFNT_SO,0.04425,0.03448,,,,,46,,,,,class
397,FNT_wine_20210729_220548,wine,HFNT_SO,0.00885,0.06897,,,,,111,,,,,class
398,FNT_wine_20210729_220657,wine,HFNT_SO,0.06195,0.10345,,,,,147,,,,,class
399,FNT_wine_20210729_220810,wine,HFNT_SO,0.06195,0.06897,,,,,135,,,,,class
400,FNT_wine_20210729_220846,wine,HFNT_SO,0.0531,0,,,,,48,,,,,class
401,FNT_wine_20210729_220909,wine,HFNT_SO,0.10619,0.03448,,,,,33,,,,,class
402,FNT_wine_20210729_220948,wine,HFNT_SO,0.0531,0.17241,,,,,55,,,,,class
403,FNT_wine_20210729_221054,wine,HFNT_SO,0.04425,0.13793,,,,,103,,,,,class
404,FNT_wine_20210729_221305,wine,HFNT_SO,0.06195,0.10345,,,,,250,,,,,class
405,FNT_wine_20210729_221426,wine,HFNT_SO,0.02655,0.13793,,,,,139,,,,,class
406,FNT_wine_20210729_221718,wine,HFNT_SO,0.0354,0,,,,,340,,,,,class
407,FNT_wine_20210729_221820,wine,HFNT_SO,0.09735,0.17241,,,,,107,,,,,class
408,FNT_wine_20210729_221938,wine,HFNT_SO,0.02655,0.06897,,,,,136,,,,,class
409,FNT_wine_20210729_222011,wine,HFNT_SO,0.06195,0.06897,,,,,38,,,,,class
410,FNT_wine_20210729_222132,wine,HFNT_SO,0.0354,0.13793,,,,,158,,,,,class
411,FNT_wine_20210729_222153,wine,HFNT_SO,0.09735,0.06897,,,,,22,,,,,class
412,FNT_wine_20210729_222354,wine,HFNT_SO,0.06195,0,,,,,232,,,,,class
413,FNT_wine_20210729_222612,wine,HFNT_SO,0.0177,0.13793,,,,,281,,,,,class
414,FNT_wine_20210729_222633,wine,HFNT_SO,0.18584,0.2069,,,,,21,,,,,class
415,FNT_wine_20210729_222837,wine,HFNT_SO,0.04425,0,,,,,249,,,,,class
416,FNT_wine_20210729_223025,wine,HFNT_SO,0.0531,0.06897,,,,,204,,,,,class
417,FNT_wine_20210729_223207,wine,HFNT_SO,0.02655,0,,,,,193,,,,,class
418,FNT_wine_20210729_223324,wine,HFNT_SO,0.0708,0.13793,,,,,136,,,,,class
419,FNT_wine_20210729_223410,wine,HFNT_SO,0.02655,0.03448,,,,,63,,,,,class
0,FNT_australian_20210729_121622,australian,HFNT_MO,0.13949,0.10791,,,,,4,,,,,class
1,FNT_australian_20210729_121932,australian,HFNT_MO,0.36957,0.40288,,,,,4,,,,,class
2,FNT_australian_20210729_122002,australian,HFNT_MO,0.12138,0.1295,,,,,11,,,,,class
3,FNT_australian_20210729_122026,australian,HFNT_MO,0.31884,0.28777,,,,,7,,,,,class
4,FNT_australian_20210729_122130,australian,HFNT_MO,0.11232,0.16547,,,,,29,,,,,class
5,FNT_australian_20210729_122145,australian,HFNT_MO,0.24094,0.2446,,,,,6,,,,,class
6,FNT_australian_20210729_122214,australian,HFNT_MO,0.13225,0.15827,,,,,10,,,,,class
7,FNT_australian_20210729_122222,australian,HFNT_MO,0.13225,0.17986,,,,,2,,,,,class
8,FNT_australian_20210729_122243,australian,HFNT_MO,0.13043,0.15108,,,,,8,,,,,class
9,FNT_australian_20210729_122328,australian,HFNT_MO,0.12138,0.16547,,,,,19,,,,,class
10,FNT_australian_20210729_122349,australian,HFNT_MO,0.13768,0.15108,,,,,8,,,,,class
11,FNT_australian_20210729_122406,australian,HFNT_MO,0.13949,0.1295,,,,,6,,,,,class
12,FNT_australian_20210729_122420,australian,HFNT_MO,0.42391,0.52518,,,,,4,,,,,class
13,FNT_australian_20210729_122453,australian,HFNT_MO,0.11413,0.16547,,,,,15,,,,,class
14,FNT_australian_20210729_122507,australian,HFNT_MO,0.13406,0.13669,,,,,5,,,,,class
15,FNT_australian_20210729_122520,australian,HFNT_MO,0.12681,0.15827,,,,,4,,,,,class
16,FNT_australian_20210729_122547,australian,HFNT_MO,0.13406,0.15108,,,,,8,,,,,class
17,FNT_australian_20210729_122613,australian,HFNT_MO,0.11232,0.20144,,,,,9,,,,,class
18,FNT_australian_20210729_122646,australian,HFNT_MO,0.10507,0.20863,,,,,12,,,,,class
19,FNT_australian_20210729_122716,australian,HFNT_MO,0.21377,0.2518,,,,,11,,,,,class
20,FNT_australian_20210729_122729,australian,HFNT_MO,0.13587,0.15827,,,,,4,,,,,class
21,FNT_australian_20210729_122855,australian,HFNT_MO,0.25906,0.21583,,,,,39,,,,,class
22,FNT_australian_20210729_122933,australian,HFNT_MO,0.1413,0.14388,,,,,16,,,,,class
23,FNT_australian_20210729_123022,australian,HFNT_MO,0.20833,0.26619,,,,,19,,,,,class
24,FNT_australian_20210729_123045,australian,HFNT_MO,0.13043,0.1223,,,,,9,,,,,class
25,FNT_australian_20210729_123131,australian,HFNT_MO,0.125,0.10072,,,,,17,,,,,class
26,FNT_australian_20210729_123215,australian,HFNT_MO,0.125,0.1223,,,,,18,,,,,class
27,FNT_australian_20210729_123254,australian,HFNT_MO,0.13949,0.15108,,,,,15,,,,,class
28,FNT_australian_20210729_123309,australian,HFNT_MO,0.13406,0.15108,,,,,4,,,,,class
29,FNT_australian_20210729_123324,australian,HFNT_MO,0.14674,0.13669,,,,,5,,,,,class
30,FNT_australian_20210729_123338,australian,HFNT_MO,0.14312,0.14388,,,,,4,,,,,class
31,FNT_baseball_20210730_104601,baseball,HFNT_MO,0.14312,0.14388,,,0.72129747,0.700525688,22,,,,,reg
32,FNT_baseball_20210730_104609,baseball,HFNT_MO,0.14312,0.14388,,,0.562083998,0.560720638,4,,,,,reg
33,FNT_baseball_20210730_104621,baseball,HFNT_MO,0.14312,0.14388,,,0.605709624,0.747697547,8,,,,,reg
34,FNT_baseball_20210730_104636,baseball,HFNT_MO,0.14312,0.14388,,,0.628488514,0.59330722,8,,,,,reg
35,FNT_baseball_20210730_104646,baseball,HFNT_MO,0.14312,0.14388,,,0.577788336,0.700614355,6,,,,,reg
36,FNT_baseball_20210730_104652,baseball,HFNT_MO,0.14312,0.14388,,,0.526223233,0.597760715,2,,,,,reg
37,FNT_baseball_20210730_104705,baseball,HFNT_MO,0.14312,0.14388,,,0.567550575,0.608004909,8,,,,,reg
38,FNT_baseball_20210730_104709,baseball,HFNT_MO,0.14312,0.14388,,,0.569193244,0.649817557,2,,,,,reg
39,FNT_baseball_20210730_104733,baseball,HFNT_MO,0.14312,0.14388,,,0.664809689,0.51415526,18,,,,,reg
40,FNT_baseball_20210730_104747,baseball,HFNT_MO,0.14312,0.14388,,,0.688013276,0.5671339,10,,,,,reg
41,FNT_baseball_20210730_104755,baseball,HFNT_MO,0.14312,0.14388,,,0.622403925,0.596329649,6,,,,,reg
42,FNT_baseball_20210730_104814,baseball,HFNT_MO,0.14312,0.14388,,,0.646983633,0.513850305,14,,,,,reg
43,FNT_baseball_20210730_104828,baseball,HFNT_MO,0.14312,0.14388,,,0.599105178,0.60443194,9,,,,,reg
44,FNT_baseball_20210730_104844,baseball,HFNT_MO,0.14312,0.14388,,,0.659971787,0.595793425,13,,,,,reg
45,FNT_baseball_20210730_104852,baseball,HFNT_MO,0.14312,0.14388,,,0.637834518,0.544899571,6,,,,,reg
46,FNT_baseball_20210730_104856,baseball,HFNT_MO,0.14312,0.14388,,,0.567391047,0.51749601,2,,,,,reg
47,FNT_baseball_20210730_104915,baseball,HFNT_MO,0.14312,0.14388,,,0.730669338,0.713801751,13,,,,,reg
48,FNT_baseball_20210730_104925,baseball,HFNT_MO,0.14312,0.14388,,,0.615414208,0.573012776,6,,,,,reg
49,FNT_baseball_20210730_104932,baseball,HFNT_MO,0.14312,0.14388,,,0.554000353,0.628773874,4,,,,,reg
50,FNT_baseball_20210730_104946,baseball,HFNT_MO,0.14312,0.14388,,,0.696563937,0.676086941,9,,,,,reg
51,FNT_baseball_20210730_104955,baseball,HFNT_MO,0.14312,0.14388,,,0.602282048,0.628039452,6,,,,,reg
52,FNT_baseball_20210730_105006,baseball,HFNT_MO,0.14312,0.14388,,,0.639249004,0.551203319,8,,,,,reg
53,FNT_baseball_20210730_105029,baseball,HFNT_MO,0.14312,0.14388,,,0.729163564,0.632056476,19,,,,,reg
54,FNT_baseball_20210730_105042,baseball,HFNT_MO,0.14312,0.14388,,,0.700169627,0.714626603,9,,,,,reg
55,FNT_baseball_20210730_105052,baseball,HFNT_MO,0.14312,0.14388,,,0.61154497,0.574458537,6,,,,,reg
56,FNT_baseball_20210730_105119,baseball,HFNT_MO,0.14312,0.14388,,,0.722648364,0.555088298,22,,,,,reg
57,FNT_baseball_20210730_105128,baseball,HFNT_MO,0.14312,0.14388,,,0.600405349,0.572196978,4,,,,,reg
58,FNT_baseball_20210730_105135,baseball,HFNT_MO,0.14312,0.14388,,,0.61595165,0.542767975,5,,,,,reg
59,FNT_baseball_20210730_105146,baseball,HFNT_MO,0.14312,0.14388,,,0.6484974,0.634187033,8,,,,,reg
60,FNT_baseball_20210730_105154,baseball,HFNT_MO,0.14312,0.14388,,,0.614377931,0.635597283,4,,,,,reg
61,FNT_dee_20210730_103616,dee,HFNT_MO,0.14312,0.14388,,,0.739731032,0.846164745,15,,,,,reg
62,FNT_dee_20210730_103641,dee,HFNT_MO,0.14312,0.14388,,,0.820793896,0.839407043,17,,,,,reg
63,FNT_dee_20210730_103712,dee,HFNT_MO,0.14312,0.14388,,,0.834150834,0.810549356,26,,,,,reg
64,FNT_dee_20210730_103733,dee,HFNT_MO,0.14312,0.14388,,,0.86110956,0.778846455,13,,,,,reg
65,FNT_dee_20210730_103802,dee,HFNT_MO,0.14312,0.14388,,,0.849070302,0.806606384,19,,,,,reg
66,FNT_dee_20210730_103822,dee,HFNT_MO,0.14312,0.14388,,,0.841493817,0.851042498,15,,,,,reg
67,FNT_dee_20210730_103839,dee,HFNT_MO,0.14312,0.14388,,,0.847692709,0.729515079,11,,,,,reg
68,FNT_dee_20210730_103855,dee,HFNT_MO,0.14312,0.14388,,,0.835054838,0.818481459,11,,,,,reg
69,FNT_dee_20210730_103919,dee,HFNT_MO,0.14312,0.14388,,,0.608776047,0.587896778,18,,,,,reg
70,FNT_dee_20210730_103934,dee,HFNT_MO,0.14312,0.14388,,,0.819272828,0.755634734,8,,,,,reg
71,FNT_dee_20210730_104000,dee,HFNT_MO,0.14312,0.14388,,,0.840260221,0.782229658,17,,,,,reg
72,FNT_dee_20210730_104025,dee,HFNT_MO,0.14312,0.14388,,,0.811498233,0.787086078,19,,,,,reg
73,FNT_dee_20210730_104050,dee,HFNT_MO,0.14312,0.14388,,,0.846057926,0.841930532,20,,,,,reg
74,FNT_dee_20210730_104108,dee,HFNT_MO,0.14312,0.14388,,,0.840008314,0.751394431,12,,,,,reg
75,FNT_dee_20210730_104144,dee,HFNT_MO,0.14312,0.14388,,,0.841813295,0.784715894,27,,,,,reg
76,FNT_dee_20210730_104159,dee,HFNT_MO,0.14312,0.14388,,,0.831244783,0.81606409,10,,,,,reg
77,FNT_dee_20210730_104207,dee,HFNT_MO,0.14312,0.14388,,,0.802677531,0.762597136,4,,,,,reg
78,FNT_dee_20210730_104215,dee,HFNT_MO,0.14312,0.14388,,,0.778837723,0.814304008,4,,,,,reg
79,FNT_dee_20210730_104229,dee,HFNT_MO,0.14312,0.14388,,,0.810462216,0.867608659,9,,,,,reg
80,FNT_dee_20210730_104243,dee,HFNT_MO,0.14312,0.14388,,,0.83374519,0.83186845,10,,,,,reg
81,FNT_dee_20210730_104301,dee,HFNT_MO,0.14312,0.14388,,,0.818969545,0.81440495,11,,,,,reg
82,FNT_dee_20210730_104309,dee,HFNT_MO,0.14312,0.14388,,,0.742690728,0.865470188,4,,,,,reg
83,FNT_dee_20210730_104329,dee,HFNT_MO,0.14312,0.14388,,,0.838693336,0.779998501,13,,,,,reg
84,FNT_dee_20210730_104341,dee,HFNT_MO,0.14312,0.14388,,,0.80778929,0.863108818,7,,,,,reg
85,FNT_dee_20210730_104402,dee,HFNT_MO,0.14312,0.14388,,,0.842222922,0.797951848,13,,,,,reg
86,FNT_dee_20210730_104419,dee,HFNT_MO,0.14312,0.14388,,,0.830899867,0.811498845,11,,,,,reg
87,FNT_dee_20210730_104431,dee,HFNT_MO,0.14312,0.14388,,,0.783940643,0.760825017,6,,,,,reg
88,FNT_dee_20210730_104459,dee,HFNT_MO,0.14312,0.14388,,,0.825373844,0.805402727,20,,,,,reg
89,FNT_dee_20210730_104519,dee,HFNT_MO,0.14312,0.14388,,,0.843529333,0.856593631,16,,,,,reg
90,FNT_dee_20210730_104532,dee,HFNT_MO,0.14312,0.14388,,,0.817460716,0.857134626,10,,,,,reg
91,FNT_diabetes_20210730_105156,diabetes,HFNT_MO,0.14312,0.14388,,,0.576279064,-3.953476197,6,,,,,reg
92,FNT_diabetes_20210730_105200,diabetes,HFNT_MO,0.14312,0.14388,,,0.630234251,-0.071600356,18,,,,,reg
93,FNT_diabetes_20210730_105209,diabetes,HFNT_MO,0.14312,0.14388,,,0.497057662,0.260069177,42,,,,,reg
94,FNT_diabetes_20210730_105218,diabetes,HFNT_MO,0.14312,0.14388,,,0.337332613,0.336447432,7,,,,,reg
95,FNT_diabetes_20210730_105223,diabetes,HFNT_MO,0.14312,0.14388,,,0.603863701,-1.2220469,19,,,,,reg
96,FNT_diabetes_20210730_105232,diabetes,HFNT_MO,0.14312,0.14388,,,0.593597171,0.090359325,52,,,,,reg
97,FNT_diabetes_20210730_105236,diabetes,HFNT_MO,0.14312,0.14388,,,0.584396356,-0.562371769,21,,,,,reg
98,FNT_diabetes_20210730_105238,diabetes,HFNT_MO,0.14312,0.14388,,,0.445091189,0.217951005,7,,,,,reg
99,FNT_diabetes_20210730_105555,diabetes,HFNT_MO,0.14312,0.14388,,,0.551862869,0.493578903,1404,,,,,reg
100,FNT_diabetes_20210730_105601,diabetes,HFNT_MO,0.14312,0.14388,,,0.515305615,-0.029604847,36,,,,,reg
101,FNT_diabetes_20210730_105603,diabetes,HFNT_MO,0.14312,0.14388,,,0.541536964,0.15717878,9,,,,,reg
102,FNT_diabetes_20210730_105946,diabetes,HFNT_MO,0.14312,0.14388,,,0.242238419,0.129500834,1627,,,,,reg
103,FNT_diabetes_20210730_105956,diabetes,HFNT_MO,0.14312,0.14388,,,0.629664568,-0.019015014,48,,,,,reg
104,FNT_diabetes_20210730_105959,diabetes,HFNT_MO,0.14312,0.14388,,,0.409546962,0.359232111,9,,,,,reg
105,FNT_diabetes_20210730_110002,diabetes,HFNT_MO,0.14312,0.14388,,,0.471910679,0.347086428,6,,,,,reg
106,FNT_diabetes_20210730_111318,diabetes,HFNT_MO,0.14312,0.14388,,,0.133034601,0.062521897,5565,,,,,reg
107,FNT_diabetes_20210730_111321,diabetes,HFNT_MO,0.14312,0.14388,,,0.530279189,0.349113657,14,,,,,reg
108,FNT_diabetes_20210730_111324,diabetes,HFNT_MO,0.14312,0.14388,,,0.432674227,0.629373498,11,,,,,reg
109,FNT_diabetes_20210730_111327,diabetes,HFNT_MO,0.14312,0.14388,,,0.553636097,0.097293611,13,,,,,reg
110,FNT_diabetes_20210730_111331,diabetes,HFNT_MO,0.14312,0.14388,,,0.748348307,-0.59489857,16,,,,,reg
111,FNT_diabetes_20210730_111334,diabetes,HFNT_MO,0.14312,0.14388,,,0.41051638,0.467073508,12,,,,,reg
112,FNT_diabetes_20210730_112010,diabetes,HFNT_MO,0.14312,0.14388,,,0.427239594,0.209823646,2804,,,,,reg
113,FNT_diabetes_20210730_112014,diabetes,HFNT_MO,0.14312,0.14388,,,0.727744358,-2.170263805,20,,,,,reg
114,FNT_diabetes_20210730_112018,diabetes,HFNT_MO,0.14312,0.14388,,,0.536485262,0.086876394,20,,,,,reg
115,FNT_diabetes_20210730_112020,diabetes,HFNT_MO,0.14312,0.14388,,,0.436560453,0.545884113,8,,,,,reg
116,FNT_diabetes_20210730_112023,diabetes,HFNT_MO,0.14312,0.14388,,,0.393390984,0.357045916,12,,,,,reg
117,FNT_diabetes_20210730_112027,diabetes,HFNT_MO,0.14312,0.14388,,,0.532151621,-0.007814557,14,,,,,reg
118,FNT_diabetes_20210730_112032,diabetes,HFNT_MO,0.14312,0.14388,,,0.619815495,0.132614659,14,,,,,reg
119,FNT_diabetes_20210730_112036,diabetes,HFNT_MO,0.14312,0.14388,,,0.681114156,-0.608289048,18,,,,,reg
120,FNT_diabetes_20210730_112038,diabetes,HFNT_MO,0.14312,0.14388,,,0.484831479,0.085070666,5,,,,,reg
121,FNT_friedman_20210730_113417,friedman,HFNT_MO,0.14312,0.14388,,,0.746315675,0.745764094,14,,,,,reg
122,FNT_friedman_20210730_113508,friedman,HFNT_MO,0.14312,0.14388,,,0.754518341,0.661126422,10,,,,,reg
123,FNT_friedman_20210730_113557,friedman,HFNT_MO,0.14312,0.14388,,,0.775123641,0.784596611,10,,,,,reg
124,FNT_friedman_20210730_113646,friedman,HFNT_MO,0.14312,0.14388,,,0.699812067,0.678973182,8,,,,,reg
125,FNT_friedman_20210730_113749,friedman,HFNT_MO,0.14312,0.14388,,,0.693920465,0.694612581,10,,,,,reg
126,FNT_friedman_20210730_113837,friedman,HFNT_MO,0.14312,0.14388,,,0.766465538,0.768770713,8,,,,,reg
127,FNT_friedman_20210730_113948,friedman,HFNT_MO,0.14312,0.14388,,,0.724380371,0.755980477,14,,,,,reg
128,FNT_friedman_20210730_114031,friedman,HFNT_MO,0.14312,0.14388,,,0.722724241,0.655115991,8,,,,,reg
129,FNT_friedman_20210730_114114,friedman,HFNT_MO,0.14312,0.14388,,,0.755390093,0.724198018,9,,,,,reg
130,FNT_friedman_20210730_114242,friedman,HFNT_MO,0.14312,0.14388,,,0.847369186,0.811638073,19,,,,,reg
131,FNT_friedman_20210730_114311,friedman,HFNT_MO,0.14312,0.14388,,,0.732415444,0.716589078,6,,,,,reg
132,FNT_friedman_20210730_114505,friedman,HFNT_MO,0.14312,0.14388,,,0.70898573,0.711636009,23,,,,,reg
133,FNT_friedman_20210730_114606,friedman,HFNT_MO,0.14312,0.14388,,,0.674713592,0.633865424,11,,,,,reg
134,FNT_friedman_20210730_114635,friedman,HFNT_MO,0.14312,0.14388,,,0.732350767,0.738499583,6,,,,,reg
135,FNT_friedman_20210730_114719,friedman,HFNT_MO,0.14312,0.14388,,,0.739692922,0.776893605,10,,,,,reg
136,FNT_friedman_20210730_114921,friedman,HFNT_MO,0.14312,0.14388,,,0.782427132,0.799723821,24,,,,,reg
137,FNT_friedman_20210730_115056,friedman,HFNT_MO,0.14312,0.14388,,,0.871975363,0.8563711,21,,,,,reg
138,FNT_friedman_20210730_115127,friedman,HFNT_MO,0.14312,0.14388,,,0.72476906,0.746439442,6,,,,,reg
139,FNT_friedman_20210730_115202,friedman,HFNT_MO,0.14312,0.14388,,,0.728118396,0.744713335,6,,,,,reg
140,FNT_friedman_20210730_115325,friedman,HFNT_MO,0.14312,0.14388,,,0.514077832,0.527650506,17,,,,,reg
141,FNT_friedman_20210730_115507,friedman,HFNT_MO,0.14312,0.14388,,,0.694791396,0.64431495,21,,,,,reg
142,FNT_friedman_20210730_115538,friedman,HFNT_MO,0.14312,0.14388,,,0.641874522,0.686743578,4,,,,,reg
143,FNT_friedman_20210730_115648,friedman,HFNT_MO,0.14312,0.14388,,,0.70880564,0.680379582,14,,,,,reg
144,FNT_friedman_20210730_115715,friedman,HFNT_MO,0.14312,0.14388,,,0.650242261,0.696646009,4,,,,,reg
145,FNT_friedman_20210730_115745,friedman,HFNT_MO,0.14312,0.14388,,,0.679957404,0.599321534,5,,,,,reg
146,FNT_friedman_20210730_115837,friedman,HFNT_MO,0.14312,0.14388,,,0.702936883,0.711505289,9,,,,,reg
147,FNT_friedman_20210730_115928,friedman,HFNT_MO,0.14312,0.14388,,,0.741710281,0.770672088,10,,,,,reg
148,FNT_friedman_20210730_120007,friedman,HFNT_MO,0.14312,0.14388,,,0.707648612,0.702204519,7,,,,,reg
149,FNT_friedman_20210730_120045,friedman,HFNT_MO,0.14312,0.14388,,,0.729733012,0.724728101,8,,,,,reg
150,FNT_friedman_20210730_120141,friedman,HFNT_MO,0.14312,0.14388,,,0.711010931,0.703588723,10,,,,,reg
151,FNT_glass_20210729_123713,glass,HFNT_MO,0.40351,0.48837,,,,,71,,,,,class
152,FNT_glass_20210729_123855,glass,HFNT_MO,0.36257,0.37209,,,,,58,,,,,class
153,FNT_glass_20210729_123922,glass,HFNT_MO,0.50877,0.5814,,,,,25,,,,,class
154,FNT_glass_20210729_123954,glass,HFNT_MO,0.36842,0.60465,,,,,25,,,,,class
155,FNT_glass_20210729_124125,glass,HFNT_MO,0.45029,0.60465,,,,,115,,,,,class
156,FNT_glass_20210729_124204,glass,HFNT_MO,0.39181,0.34884,,,,,41,,,,,class
157,FNT_glass_20210729_124331,glass,HFNT_MO,0.35673,0.32558,,,,,141,,,,,class
158,FNT_glass_20210729_124406,glass,HFNT_MO,0.34503,0.37209,,,,,37,,,,,class
159,FNT_glass_20210729_124447,glass,HFNT_MO,0.72515,0.74419,,,,,60,,,,,class
160,FNT_glass_20210729_124521,glass,HFNT_MO,0.36842,0.51163,,,,,30,,,,,class
161,FNT_glass_20210729_124554,glass,HFNT_MO,0.39766,0.53488,,,,,31,,,,,class
162,FNT_glass_20210729_124648,glass,HFNT_MO,0.38596,0.48837,,,,,63,,,,,class
163,FNT_glass_20210729_124733,glass,HFNT_MO,0.61404,0.67442,,,,,55,,,,,class
164,FNT_glass_20210729_124805,glass,HFNT_MO,0.54971,0.4186,,,,,29,,,,,class
165,FNT_glass_20210729_124842,glass,HFNT_MO,0.49123,0.53488,,,,,38,,,,,class
166,FNT_glass_20210729_124907,glass,HFNT_MO,0.49123,0.46512,,,,,22,,,,,class
167,FNT_glass_20210729_124940,glass,HFNT_MO,0.50292,0.46512,,,,,32,,,,,class
168,FNT_glass_20210729_125030,glass,HFNT_MO,0.39181,0.34884,,,,,79,,,,,class
169,FNT_glass_20210729_125113,glass,HFNT_MO,0.37427,0.53488,,,,,53,,,,,class
170,FNT_glass_20210729_125156,glass,HFNT_MO,0.4269,0.69767,,,,,50,,,,,class
171,FNT_glass_20210729_125241,glass,HFNT_MO,0.45614,0.48837,,,,,53,,,,,class
172,FNT_glass_20210729_125340,glass,HFNT_MO,0.36257,0.39535,,,,,67,,,,,class
173,FNT_glass_20210729_125431,glass,HFNT_MO,0.51462,0.51163,,,,,63,,,,,class
174,FNT_glass_20210729_125626,glass,HFNT_MO,0.49708,0.51163,,,,,159,,,,,class
175,FNT_glass_20210729_125708,glass,HFNT_MO,0.4152,0.34884,,,,,62,,,,,class
176,FNT_glass_20210729_125748,glass,HFNT_MO,0.45614,0.48837,,,,,44,,,,,class
177,FNT_glass_20210729_125821,glass,HFNT_MO,0.36257,0.5814,,,,,30,,,,,class
178,FNT_glass_20210729_125853,glass,HFNT_MO,0.34503,0.34884,,,,,37,,,,,class
179,FNT_glass_20210729_125950,glass,HFNT_MO,0.40351,0.4186,,,,,75,,,,,class
180,FNT_glass_20210729_130026,glass,HFNT_MO,0.47953,0.5814,,,,,44,,,,,class
181,FNT_heart_20210729_130310,heart,HFNT_MO,0.22685,0.27778,,,,,6,,,,,class
182,FNT_heart_20210729_130322,heart,HFNT_MO,0.16204,0.18519,,,,,11,,,,,class
183,FNT_heart_20210729_130332,heart,HFNT_MO,0.18519,0.27778,,,,,11,,,,,class
184,FNT_heart_20210729_130349,heart,HFNT_MO,0.125,0.16667,,,,,17,,,,,class
185,FNT_heart_20210729_130355,heart,HFNT_MO,0.28704,0.31481,,,,,7,,,,,class
186,FNT_heart_20210729_130401,heart,HFNT_MO,0.21296,0.24074,,,,,4,,,,,class
187,FNT_heart_20210729_130409,heart,HFNT_MO,0.21296,0.37037,,,,,7,,,,,class
188,FNT_heart_20210729_130417,heart,HFNT_MO,0.27315,0.22222,,,,,8,,,,,class
189,FNT_heart_20210729_130424,heart,HFNT_MO,0.14352,0.18519,,,,,7,,,,,class
190,FNT_heart_20210729_130456,heart,HFNT_MO,0.10648,0.22222,,,,,35,,,,,class
191,FNT_heart_20210729_130504,heart,HFNT_MO,0.13889,0.16667,,,,,6,,,,,class
192,FNT_heart_20210729_130513,heart,HFNT_MO,0.1713,0.2037,,,,,9,,,,,class
193,FNT_heart_20210729_130525,heart,HFNT_MO,0.13889,0.27778,,,,,14,,,,,class
194,FNT_heart_20210729_130540,heart,HFNT_MO,0.12037,0.2037,,,,,12,,,,,class
195,FNT_heart_20210729_130553,heart,HFNT_MO,0.15741,0.2037,,,,,11,,,,,class
196,FNT_heart_20210729_130601,heart,HFNT_MO,0.21759,0.2037,,,,,7,,,,,class
197,FNT_heart_20210729_130613,heart,HFNT_MO,0.1713,0.31481,,,,,11,,,,,class
198,FNT_heart_20210729_130630,heart,HFNT_MO,0.13426,0.14815,,,,,20,,,,,class
199,FNT_heart_20210729_130645,heart,HFNT_MO,0.125,0.12963,,,,,12,,,,,class
200,FNT_heart_20210729_130654,heart,HFNT_MO,0.22685,0.25926,,,,,8,,,,,class
201,FNT_heart_20210729_130719,heart,HFNT_MO,0.18056,0.18519,,,,,26,,,,,class
202,FNT_heart_20210729_130741,heart,HFNT_MO,0.13889,0.24074,,,,,26,,,,,class
203,FNT_heart_20210729_130745,heart,HFNT_MO,0.15278,0.14815,,,,,4,,,,,class
204,FNT_heart_20210729_130754,heart,HFNT_MO,0.1713,0.22222,,,,,8,,,,,class
205,FNT_heart_20210729_130806,heart,HFNT_MO,0.125,0.07407,,,,,11,,,,,class
206,FNT_heart_20210729_130811,heart,HFNT_MO,0.2963,0.25926,,,,,6,,,,,class
207,FNT_heart_20210729_130820,heart,HFNT_MO,0.18981,0.18519,,,,,7,,,,,class
208,FNT_heart_20210729_130825,heart,HFNT_MO,0.12963,0.24074,,,,,4,,,,,class
209,FNT_heart_20210729_130833,heart,HFNT_MO,0.23148,0.22222,,,,,8,,,,,class
210,FNT_heart_20210729_130839,heart,HFNT_MO,0.17593,0.2037,,,,,4,,,,,class
211,FNT_ionosphere_20210729_133207,ionosphere,HFNT_MO,0.10714,0.11268,,,,,2,,,,,class
212,FNT_ionosphere_20210729_133227,ionosphere,HFNT_MO,0.15,0.09859,,,,,12,,,,,class
213,FNT_ionosphere_20210729_133236,ionosphere,HFNT_MO,0.10714,0.14085,,,,,4,,,,,class
214,FNT_ionosphere_20210729_133240,ionosphere,HFNT_MO,0.11786,0.09859,,,,,2,,,,,class
215,FNT_ionosphere_20210729_133252,ionosphere,HFNT_MO,0.13571,0.1831,,,,,8,,,,,class
216,FNT_ionosphere_20210729_133303,ionosphere,HFNT_MO,0.11071,0.08451,,,,,7,,,,,class
217,FNT_ionosphere_20210729_133318,ionosphere,HFNT_MO,0.08214,0.09859,,,,,8,,,,,class
218,FNT_ionosphere_20210729_133329,ionosphere,HFNT_MO,0.09286,0.12676,,,,,6,,,,,class
219,FNT_ionosphere_20210729_133337,ionosphere,HFNT_MO,0.175,0.08451,,,,,4,,,,,class
220,FNT_ionosphere_20210729_133353,ionosphere,HFNT_MO,0.14643,0.1831,,,,,11,,,,,class
221,FNT_ionosphere_20210729_133400,ionosphere,HFNT_MO,0.10714,0.12676,,,,,4,,,,,class
222,FNT_ionosphere_20210729_133411,ionosphere,HFNT_MO,0.09643,0.15493,,,,,6,,,,,class
223,FNT_ionosphere_20210729_133433,ionosphere,HFNT_MO,0.08571,0.08451,,,,,17,,,,,class
224,FNT_ionosphere_20210729_133438,ionosphere,HFNT_MO,0.15714,0.12676,,,,,3,,,,,class
225,FNT_ionosphere_20210729_133516,ionosphere,HFNT_MO,0.13571,0.25352,,,,,31,,,,,class
226,FNT_ionosphere_20210729_133526,ionosphere,HFNT_MO,0.10357,0.09859,,,,,5,,,,,class
227,FNT_ionosphere_20210729_133533,ionosphere,HFNT_MO,0.125,0.22535,,,,,4,,,,,class
228,FNT_ionosphere_20210729_133542,ionosphere,HFNT_MO,0.11071,0.11268,,,,,8,,,,,class
229,FNT_ionosphere_20210729_133607,ionosphere,HFNT_MO,0.1,0.11268,,,,,20,,,,,class
230,FNT_ionosphere_20210729_133630,ionosphere,HFNT_MO,0.1,0.11268,,,,,17,,,,,class
231,FNT_ionosphere_20210729_133654,ionosphere,HFNT_MO,0.10714,0.22535,,,,,17,,,,,class
232,FNT_ionosphere_20210729_133659,ionosphere,HFNT_MO,0.09286,0.07042,,,,,3,,,,,class
233,FNT_ionosphere_20210729_133708,ionosphere,HFNT_MO,0.1,0.15493,,,,,4,,,,,class
234,FNT_ionosphere_20210729_133719,ionosphere,HFNT_MO,0.15357,0.14085,,,,,9,,,,,class
235,FNT_ionosphere_20210729_133725,ionosphere,HFNT_MO,0.18929,0.28169,,,,,3,,,,,class
236,FNT_ionosphere_20210729_133733,ionosphere,HFNT_MO,0.12857,0.14085,,,,,6,,,,,class
237,FNT_ionosphere_20210729_133806,ionosphere,HFNT_MO,0.10357,0.09859,,,,,23,,,,,class
238,FNT_ionosphere_20210729_133812,ionosphere,HFNT_MO,0.14643,0.08451,,,,,3,,,,,class
239,FNT_ionosphere_20210729_133820,ionosphere,HFNT_MO,0.14643,0.07042,,,,,7,,,,,class
240,FNT_ionosphere_20210729_133832,ionosphere,HFNT_MO,0.11786,0.1831,,,,,10,,,,,class
241,FNT_iris_20210729_131053,iris,HFNT_MO,0.00833,0.1,,,,,265,,,,,class
242,FNT_iris_20210729_131117,iris,HFNT_MO,0.025,0,,,,,41,,,,,class
243,FNT_iris_20210729_131147,iris,HFNT_MO,0.00833,0.13333,,,,,55,,,,,class
244,FNT_iris_20210729_131208,iris,HFNT_MO,0.025,0.1,,,,,33,,,,,class
245,FNT_iris_20210729_131228,iris,HFNT_MO,0.025,0,,,,,31,,,,,class
246,FNT_iris_20210729_131249,iris,HFNT_MO,0.03333,0.06667,,,,,34,,,,,class
247,FNT_iris_20210729_131314,iris,HFNT_MO,0.31667,0.4,,,,,45,,,,,class
248,FNT_iris_20210729_131337,iris,HFNT_MO,0.01667,0.13333,,,,,39,,,,,class
249,FNT_iris_20210729_131354,iris,HFNT_MO,0.03333,0.03333,,,,,22,,,,,class
250,FNT_iris_20210729_131414,iris,HFNT_MO,0.025,0,,,,,32,,,,,class
251,FNT_iris_20210729_131429,iris,HFNT_MO,0.325,0.36667,,,,,21,,,,,class
252,FNT_iris_20210729_131441,iris,HFNT_MO,0.00833,0.03333,,,,,18,,,,,class
253,FNT_iris_20210729_132157,iris,HFNT_MO,0.025,0.03333,,,,,937,,,,,class
254,FNT_iris_20210729_132211,iris,HFNT_MO,0.04167,0.03333,,,,,21,,,,,class
255,FNT_iris_20210729_132524,iris,HFNT_MO,0.16667,0.13333,,,,,408,,,,,class
256,FNT_iris_20210729_132553,iris,HFNT_MO,0.025,0,,,,,47,,,,,class
257,FNT_iris_20210729_132611,iris,HFNT_MO,0.14167,0.03333,,,,,26,,,,,class
258,FNT_iris_20210729_132621,iris,HFNT_MO,0.23333,0.2,,,,,14,,,,,class
259,FNT_iris_20210729_132637,iris,HFNT_MO,0.03333,0.03333,,,,,26,,,,,class
260,FNT_iris_20210729_132700,iris,HFNT_MO,0.21667,0.16667,,,,,39,,,,,class
261,FNT_iris_20210729_132724,iris,HFNT_MO,0.03333,0.03333,,,,,40,,,,,class
262,FNT_iris_20210729_132747,iris,HFNT_MO,0.00833,0.06667,,,,,37,,,,,class
263,FNT_iris_20210729_132854,iris,HFNT_MO,0.025,0,,,,,130,,,,,class
264,FNT_iris_20210729_132916,iris,HFNT_MO,0.04167,0.03333,,,,,37,,,,,class
265,FNT_iris_20210729_132937,iris,HFNT_MO,0.225,0.3,,,,,34,,,,,class
266,FNT_iris_20210729_133004,iris,HFNT_MO,0.15833,0.16667,,,,,47,,,,,class
267,FNT_iris_20210729_133027,iris,HFNT_MO,0.03333,0.06667,,,,,36,,,,,class
268,FNT_iris_20210729_133128,iris,HFNT_MO,0.04167,0,,,,,121,,,,,class
269,FNT_iris_20210729_133142,iris,HFNT_MO,0.01667,0,,,,,19,,,,,class
270,FNT_iris_20210729_133203,iris,HFNT_MO,0.15833,0.2,,,,,34,,,,,class
271,FNT_mpg6_20210730_112100,mpg6,HFNT_MO,0.15833,0.2,,,0.872811686,0.893136161,15,,,,,reg
272,FNT_mpg6_20210730_112113,mpg6,HFNT_MO,0.15833,0.2,,,0.734778308,0.722759162,8,,,,,reg
273,FNT_mpg6_20210730_112135,mpg6,HFNT_MO,0.15833,0.2,,,0.873918264,0.874290031,14,,,,,reg
274,FNT_mpg6_20210730_112156,mpg6,HFNT_MO,0.15833,0.2,,,0.851649817,0.825636784,13,,,,,reg
275,FNT_mpg6_20210730_112226,mpg6,HFNT_MO,0.15833,0.2,,,0.879897395,0.870808752,21,,,,,reg
276,FNT_mpg6_20210730_112300,mpg6,HFNT_MO,0.15833,0.2,,,0.869089225,0.832899422,26,,,,,reg
277,FNT_mpg6_20210730_112317,mpg6,HFNT_MO,0.15833,0.2,,,0.880432496,0.868769509,12,,,,,reg
278,FNT_mpg6_20210730_112337,mpg6,HFNT_MO,0.15833,0.2,,,0.86727431,0.873626288,13,,,,,reg
279,FNT_mpg6_20210730_112419,mpg6,HFNT_MO,0.15833,0.2,,,0.865721799,0.829250756,28,,,,,reg
280,FNT_mpg6_20210730_112436,mpg6,HFNT_MO,0.15833,0.2,,,0.854987994,0.831202767,11,,,,,reg
281,FNT_mpg6_20210730_112453,mpg6,HFNT_MO,0.15833,0.2,,,0.876162904,0.886346046,12,,,,,reg
282,FNT_mpg6_20210730_112531,mpg6,HFNT_MO,0.15833,0.2,,,0.867828806,0.844170602,26,,,,,reg
283,FNT_mpg6_20210730_112602,mpg6,HFNT_MO,0.15833,0.2,,,0.847704954,0.860709425,21,,,,,reg
284,FNT_mpg6_20210730_112630,mpg6,HFNT_MO,0.15833,0.2,,,0.863281622,0.807099613,19,,,,,reg
285,FNT_mpg6_20210730_112646,mpg6,HFNT_MO,0.15833,0.2,,,0.859806242,0.784913704,8,,,,,reg
286,FNT_mpg6_20210730_112703,mpg6,HFNT_MO,0.15833,0.2,,,0.83440906,0.885387645,10,,,,,reg
287,FNT_mpg6_20210730_112728,mpg6,HFNT_MO,0.15833,0.2,,,0.860639987,0.816721056,16,,,,,reg
288,FNT_mpg6_20210730_112835,mpg6,HFNT_MO,0.15833,0.2,,,0.869766019,0.896793093,50,,,,,reg
289,FNT_mpg6_20210730_112901,mpg6,HFNT_MO,0.15833,0.2,,,0.895352063,0.826029361,19,,,,,reg
290,FNT_mpg6_20210730_112921,mpg6,HFNT_MO,0.15833,0.2,,,0.849318035,0.838693372,13,,,,,reg
291,FNT_mpg6_20210730_112945,mpg6,HFNT_MO,0.15833,0.2,,,0.885490105,0.860814053,16,,,,,reg
292,FNT_mpg6_20210730_113015,mpg6,HFNT_MO,0.15833,0.2,,,0.888473234,0.883800272,18,,,,,reg
293,FNT_mpg6_20210730_113048,mpg6,HFNT_MO,0.15833,0.2,,,0.856144147,0.851579764,25,,,,,reg
294,FNT_mpg6_20210730_113104,mpg6,HFNT_MO,0.15833,0.2,,,0.832594178,0.845335202,8,,,,,reg
295,FNT_mpg6_20210730_113125,mpg6,HFNT_MO,0.15833,0.2,,,0.858212448,0.811265212,14,,,,,reg
296,FNT_mpg6_20210730_113147,mpg6,HFNT_MO,0.15833,0.2,,,0.880465379,0.879547332,13,,,,,reg
297,FNT_mpg6_20210730_113158,mpg6,HFNT_MO,0.15833,0.2,,,0.763721207,0.742885912,8,,,,,reg
298,FNT_mpg6_20210730_113217,mpg6,HFNT_MO,0.15833,0.2,,,0.759077479,0.769215141,12,,,,,reg
299,FNT_mpg6_20210730_113249,mpg6,HFNT_MO,0.15833,0.2,,,0.75437722,0.77286837,21,,,,,reg
300,FNT_mpg6_20210730_113307,mpg6,HFNT_MO,0.15833,0.2,,,0.860477631,0.86167678,11,,,,,reg
301,FNT_pima_20210729_133842,pima,HFNT_MO,0.21824,0.26623,,,,,2,,,,,class
302,FNT_pima_20210729_133912,pima,HFNT_MO,0.22476,0.18182,,,,,11,,,,,class
303,FNT_pima_20210729_133945,pima,HFNT_MO,0.22638,0.22727,,,,,10,,,,,class
304,FNT_pima_20210729_134030,pima,HFNT_MO,0.21987,0.22078,,,,,16,,,,,class
305,FNT_pima_20210729_134040,pima,HFNT_MO,0.24756,0.22727,,,,,3,,,,,class
306,FNT_pima_20210729_134118,pima,HFNT_MO,0.22476,0.24026,,,,,15,,,,,class
307,FNT_pima_20210729_134417,pima,HFNT_MO,0.21336,0.25325,,,,,73,,,,,class
308,FNT_pima_20210729_134435,pima,HFNT_MO,0.28827,0.35714,,,,,6,,,,,class
309,FNT_pima_20210729_134519,pima,HFNT_MO,0.31107,0.37662,,,,,15,,,,,class
310,FNT_pima_20210729_134543,pima,HFNT_MO,0.21987,0.22078,,,,,8,,,,,class
311,FNT_pima_20210729_134758,pima,HFNT_MO,0.2101,0.26623,,,,,58,,,,,class
312,FNT_pima_20210729_134833,pima,HFNT_MO,0.21498,0.24026,,,,,12,,,,,class
313,FNT_pima_20210729_134954,pima,HFNT_MO,0.2785,0.32468,,,,,35,,,,,class
314,FNT_pima_20210729_135111,pima,HFNT_MO,0.27362,0.35714,,,,,28,,,,,class
315,FNT_pima_20210729_135137,pima,HFNT_MO,0.29316,0.35065,,,,,10,,,,,class
316,FNT_pima_20210729_135201,pima,HFNT_MO,0.25407,0.21429,,,,,8,,,,,class
317,FNT_pima_20210729_135253,pima,HFNT_MO,0.20684,0.21429,,,,,20,,,,,class
318,FNT_pima_20210729_135314,pima,HFNT_MO,0.20358,0.24026,,,,,8,,,,,class
319,FNT_pima_20210729_135356,pima,HFNT_MO,0.23779,0.21429,,,,,18,,,,,class
320,FNT_pima_20210729_135413,pima,HFNT_MO,0.22476,0.20779,,,,,7,,,,,class
321,FNT_pima_20210729_135503,pima,HFNT_MO,0.19218,0.27922,,,,,19,,,,,class
322,FNT_pima_20210729_135519,pima,HFNT_MO,0.23941,0.29221,,,,,4,,,,,class
323,FNT_pima_20210729_135613,pima,HFNT_MO,0.21661,0.22727,,,,,20,,,,,class
324,FNT_pima_20210729_135819,pima,HFNT_MO,0.20847,0.23377,,,,,54,,,,,class
325,FNT_pima_20210729_135835,pima,HFNT_MO,0.2329,0.29221,,,,,4,,,,,class
326,FNT_pima_20210729_135849,pima,HFNT_MO,0.35505,0.32468,,,,,4,,,,,class
327,FNT_pima_20210729_135925,pima,HFNT_MO,0.30456,0.32468,,,,,14,,,,,class
328,FNT_pima_20210729_135938,pima,HFNT_MO,0.20521,0.22727,,,,,4,,,,,class
329,FNT_pima_20210729_140009,pima,HFNT_MO,0.19707,0.24675,,,,,14,,,,,class
330,FNT_pima_20210729_140031,pima,HFNT_MO,0.21336,0.26623,,,,,7,,,,,class
331,FNT_vehicle_20210729_140217,vehicle,HFNT_MO,0.41272,0.45882,,,,,31,,,,,class
332,FNT_vehicle_20210729_140417,vehicle,HFNT_MO,0.50444,0.49412,,,,,34,,,,,class
333,FNT_vehicle_20210729_140606,vehicle,HFNT_MO,0.56805,0.56471,,,,,29,,,,,class
334,FNT_vehicle_20210729_140746,vehicle,HFNT_MO,0.52959,0.48824,,,,,24,,,,,class
335,FNT_vehicle_20210729_140908,vehicle,HFNT_MO,0.57101,0.57059,,,,,25,,,,,class
336,FNT_vehicle_20210729_141101,vehicle,HFNT_MO,0.39201,0.39412,,,,,32,,,,,class
337,FNT_vehicle_20210729_141314,vehicle,HFNT_MO,0.43491,0.48235,,,,,34,,,,,class
338,FNT_vehicle_20210729_141437,vehicle,HFNT_MO,0.42012,0.44706,,,,,22,,,,,class
339,FNT_vehicle_20210729_141649,vehicle,HFNT_MO,0.42604,0.50588,,,,,39,,,,,class
340,FNT_vehicle_20210729_141842,vehicle,HFNT_MO,0.46598,0.46471,,,,,34,,,,,class
341,FNT_vehicle_20210729_142022,vehicle,HFNT_MO,0.41864,0.41176,,,,,27,,,,,class
342,FNT_vehicle_20210729_142129,vehicle,HFNT_MO,0.41124,0.4,,,,,16,,,,,class
343,FNT_vehicle_20210729_142357,vehicle,HFNT_MO,0.59024,0.58235,,,,,49,,,,,class
344,FNT_vehicle_20210729_142610,vehicle,HFNT_MO,0.36095,0.48235,,,,,38,,,,,class
345,FNT_vehicle_20210729_142945,vehicle,HFNT_MO,0.50888,0.54118,,,,,72,,,,,class
346,FNT_vehicle_20210729_143126,vehicle,HFNT_MO,0.39053,0.46471,,,,,27,,,,,class
347,FNT_vehicle_20210729_143328,vehicle,HFNT_MO,0.40089,0.37059,,,,,35,,,,,class
348,FNT_vehicle_20210729_143520,vehicle,HFNT_MO,0.56953,0.53529,,,,,35,,,,,class
349,FNT_vehicle_20210729_143644,vehicle,HFNT_MO,0.54438,0.5,,,,,20,,,,,class
350,FNT_vehicle_20210729_143839,vehicle,HFNT_MO,0.61686,0.62353,,,,,35,,,,,class
351,FNT_vehicle_20210729_144121,vehicle,HFNT_MO,0.45118,0.52353,,,,,52,,,,,class
352,FNT_vehicle_20210729_144230,vehicle,HFNT_MO,0.57988,0.64706,,,,,16,,,,,class
353,FNT_vehicle_20210729_144333,vehicle,HFNT_MO,0.41272,0.38824,,,,,16,,,,,class
354,FNT_vehicle_20210729_144501,vehicle,HFNT_MO,0.47041,0.45294,,,,,27,,,,,class
355,FNT_vehicle_20210729_144658,vehicle,HFNT_MO,0.52071,0.58235,,,,,32,,,,,class
356,FNT_vehicle_20210729_144908,vehicle,HFNT_MO,0.4142,0.47059,,,,,43,,,,,class
357,FNT_vehicle_20210729_145013,vehicle,HFNT_MO,0.50444,0.52941,,,,,16,,,,,class
358,FNT_vehicle_20210729_145215,vehicle,HFNT_MO,0.43047,0.46471,,,,,35,,,,,class
359,FNT_vehicle_20210729_145438,vehicle,HFNT_MO,0.41272,0.41176,,,,,41,,,,,class
360,FNT_vehicle_20210729_145539,vehicle,HFNT_MO,0.4926,0.51176,,,,,15,,,,,class
361,FNT_wdbc_20210729_145631,wdbc,HFNT_MO,0.02198,0.01754,,,,,24,,,,,class
362,FNT_wdbc_20210729_145645,wdbc,HFNT_MO,0.02637,0.03509,,,,,5,,,,,class
363,FNT_wdbc_20210729_145710,wdbc,HFNT_MO,0.02857,0.04386,,,,,12,,,,,class
364,FNT_wdbc_20210729_145749,wdbc,HFNT_MO,0.02418,0.03509,,,,,21,,,,,class
365,FNT_wdbc_20210729_145820,wdbc,HFNT_MO,0.02857,0.03509,,,,,14,,,,,class
366,FNT_wdbc_20210729_145903,wdbc,HFNT_MO,0.01978,0.00877,,,,,19,,,,,class
367,FNT_wdbc_20210729_145942,wdbc,HFNT_MO,0.01538,0.04386,,,,,19,,,,,class
368,FNT_wdbc_20210729_145955,wdbc,HFNT_MO,0.01538,0.0614,,,,,5,,,,,class
369,FNT_wdbc_20210729_150009,wdbc,HFNT_MO,0.03736,0.09649,,,,,7,,,,,class
370,FNT_wdbc_20210729_150031,wdbc,HFNT_MO,0.03297,0.03509,,,,,8,,,,,class
371,FNT_wdbc_20210729_150043,wdbc,HFNT_MO,0.01758,0.05263,,,,,4,,,,,class
372,FNT_wdbc_20210729_150115,wdbc,HFNT_MO,0.01538,0.02632,,,,,12,,,,,class
373,FNT_wdbc_20210729_150130,wdbc,HFNT_MO,0.01758,0.03509,,,,,5,,,,,class
374,FNT_wdbc_20210729_150208,wdbc,HFNT_MO,0.02198,0.01754,,,,,15,,,,,class
375,FNT_wdbc_20210729_150257,wdbc,HFNT_MO,0.01319,0.03509,,,,,20,,,,,class
376,FNT_wdbc_20210729_150321,wdbc,HFNT_MO,0.01099,0.01754,,,,,9,,,,,class
377,FNT_wdbc_20210729_150400,wdbc,HFNT_MO,0.01319,0.04386,,,,,17,,,,,class
378,FNT_wdbc_20210729_150427,wdbc,HFNT_MO,0.02418,0.02632,,,,,9,,,,,class
379,FNT_wdbc_20210729_150455,wdbc,HFNT_MO,0.02418,0.01754,,,,,12,,,,,class
380,FNT_wdbc_20210729_150523,wdbc,HFNT_MO,0.03956,0.01754,,,,,12,,,,,class
381,FNT_wdbc_20210729_150532,wdbc,HFNT_MO,0.03516,0.05263,,,,,4,,,,,class
382,FNT_wdbc_20210729_150552,wdbc,HFNT_MO,0.01978,0.04386,,,,,10,,,,,class
383,FNT_wdbc_20210729_150634,wdbc,HFNT_MO,0.01538,0.02632,,,,,19,,,,,class
384,FNT_wdbc_20210729_150654,wdbc,HFNT_MO,0.01758,0.03509,,,,,10,,,,,class
385,FNT_wdbc_20210729_150738,wdbc,HFNT_MO,0.01758,0.00877,,,,,21,,,,,class
386,FNT_wdbc_20210729_150750,wdbc,HFNT_MO,0.02198,0.04386,,,,,5,,,,,class
387,FNT_wdbc_20210729_150841,wdbc,HFNT_MO,0.02637,0.01754,,,,,24,,,,,class
388,FNT_wdbc_20210729_150853,wdbc,HFNT_MO,0.01758,0.08772,,,,,5,,,,,class
389,FNT_wdbc_20210729_150907,wdbc,HFNT_MO,0.04615,0.01754,,,,,5,,,,,class
390,FNT_wdbc_20210729_150919,wdbc,HFNT_MO,0.02418,0.02632,,,,,5,,,,,class
391,FNT_wine_20210729_150935,wine,HFNT_MO,0.0531,0,,,,,26,,,,,class
392,FNT_wine_20210729_150958,wine,HFNT_MO,0.0531,0.06897,,,,,41,,,,,class
393,FNT_wine_20210729_151025,wine,HFNT_MO,0.0354,0.10345,,,,,49,,,,,class
394,FNT_wine_20210729_151039,wine,HFNT_MO,0.0531,0,,,,,21,,,,,class
395,FNT_wine_20210729_151055,wine,HFNT_MO,0.0531,0.17241,,,,,25,,,,,class
396,FNT_wine_20210729_151108,wine,HFNT_MO,0.0531,0.03448,,,,,18,,,,,class
397,FNT_wine_20210729_151132,wine,HFNT_MO,0.06195,0.06897,,,,,41,,,,,class
398,FNT_wine_20210729_151149,wine,HFNT_MO,0.0354,0.03448,,,,,29,,,,,class
399,FNT_wine_20210729_151205,wine,HFNT_MO,0.0708,0.06897,,,,,25,,,,,class
400,FNT_wine_20210729_151224,wine,HFNT_MO,0.0708,0.03448,,,,,32,,,,,class
401,FNT_wine_20210729_151243,wine,HFNT_MO,0.04425,0.06897,,,,,32,,,,,class
402,FNT_wine_20210729_151258,wine,HFNT_MO,0.0354,0.03448,,,,,24,,,,,class
403,FNT_wine_20210729_151321,wine,HFNT_MO,0.02655,0.03448,,,,,33,,,,,class
404,FNT_wine_20210729_151337,wine,HFNT_MO,0.07965,0,,,,,24,,,,,class
405,FNT_wine_20210729_151353,wine,HFNT_MO,0.0531,0.06897,,,,,25,,,,,class
406,FNT_wine_20210729_151408,wine,HFNT_MO,0.0354,0.06897,,,,,26,,,,,class
407,FNT_wine_20210729_151428,wine,HFNT_MO,0.17699,0.13793,,,,,35,,,,,class
408,FNT_wine_20210729_151442,wine,HFNT_MO,0.04425,0,,,,,20,,,,,class
409,FNT_wine_20210729_151501,wine,HFNT_MO,0.0708,0.06897,,,,,29,,,,,class
410,FNT_wine_20210729_151516,wine,HFNT_MO,0.0354,0,,,,,19,,,,,class
411,FNT_wine_20210729_151531,wine,HFNT_MO,0.0531,0.17241,,,,,25,,,,,class
412,FNT_wine_20210729_151551,wine,HFNT_MO,0.0708,0.03448,,,,,32,,,,,class
413,FNT_wine_20210729_151605,wine,HFNT_MO,0.04425,0.10345,,,,,25,,,,,class
414,FNT_wine_20210729_151619,wine,HFNT_MO,0.12389,0.10345,,,,,21,,,,,class
415,FNT_wine_20210729_151627,wine,HFNT_MO,0.0531,0.10345,,,,,10,,,,,class
416,FNT_wine_20210729_151648,wine,HFNT_MO,0.0354,0.06897,,,,,42,,,,,class
417,FNT_wine_20210729_151706,wine,HFNT_MO,0.0354,0.03448,,,,,28,,,,,class
418,FNT_wine_20210729_151723,wine,HFNT_MO,0.0531,0.10345,,,,,33,,,,,class
419,FNT_wine_20210729_151746,wine,HFNT_MO,0.0354,0.06897,,,,,43,,,,,class
420,FNT_wine_20210729_151757,wine,HFNT_MO,0.0177,0.17241,,,,,15,,,,,class
